Cannot apply hunk 0 for file node_modules/@onfido/react-native-sdk/CHANGELOG.md
```diff
@@ -5,6 +5,20 @@ All notable changes to this project will be documented in this file.
 The format is based on [Keep a Changelog](http://keepachangelog.com/en/1.0.0/)
 and this project adheres to [Semantic Versioning](http://semver.org/spec/v2.0.0.html).
 
+## [10.7.0] - 2024-02-01
+
+### Changed:
+
+- Updated underlying Onfido native SDK version:
+  - iOS 29.7.x (up from 29.6.x)
+  - Android 19.6.x (up from 19.5.x)
+
+### Fixed:
+
+- Fixed the behaviour when using the configuration option `allowedDocumentTypes`: 
+  - The order of steps (and SDK screens) has now been aligned with the native SDKs, for both Android and iOS. The order to be used is: Welcome - Document capture - Proof of address - Face capture - Final screen.
+  - The Welcome screen now correctly takes into account the `welcome` (boolean) flag in the configuration.
+
 ## [10.6.0] - 2023-12-11
 
 ### Changed:
```


Cannot apply hunk 0 for file node_modules/@onfido/react-native-sdk/README.md
```diff
@@ -30,9 +30,7 @@
   - [Introduction](#introduction)
   - [Implementation](#implementation)
   - [User data](#user-data)
-- [Creating checks](#creating-checks)
-  - [1. Obtaining an API token](#1-obtaining-an-api-token-1)
-  - [2. Creating a check](#2-creating-a-check)
+- [Generating verification reports](#generating-verification-reports)
 - [Theme Customization](#theme-customization)
   - [Android](#android-1)
   - [iOS](#ios-1)
```


Cannot apply hunk 1 for file node_modules/@onfido/react-native-sdk/README.md
```diff
@@ -30,9 +30,7 @@
   - [Introduction](#introduction)
   - [Implementation](#implementation)
   - [User data](#user-data)
-- [Creating checks](#creating-checks)
-  - [1. Obtaining an API token](#1-obtaining-an-api-token-1)
-  - [2. Creating a check](#2-creating-a-check)
+- [Generating verification reports](#generating-verification-reports)
 - [Theme Customization](#theme-customization)
   - [Android](#android-1)
   - [iOS](#ios-1)
@@ -57,7 +55,7 @@ This SDK provides a drop-in set of screens and tools for react native applicatio
 > 
 > If you are integrating using Onfido Studio please see our [Studio integration guide](ONFIDO_STUDIO.md)
 
-\* **Note**: the SDK is only responsible for capturing and uploading photos/videos. You still need to access the [Onfido API](https://documentation.onfido.com/) to create and manage checks.
+\* **Note**: The SDK is only responsible for capturing and uploading document photos, live selfies, live videos and motion captures. You still need to access the [Onfido API](https://documentation.onfido.com/) to manage applicants and [Onfido Studio](https://developers.onfido.com/guide/onfido-studio-product) to build verification workflows.
 
 * Supports iOS 11+
 * Supports Xcode 13+
```


Cannot apply hunk 2 for file node_modules/@onfido/react-native-sdk/README.md
```diff
@@ -30,9 +30,7 @@
   - [Introduction](#introduction)
   - [Implementation](#implementation)
   - [User data](#user-data)
-- [Creating checks](#creating-checks)
-  - [1. Obtaining an API token](#1-obtaining-an-api-token-1)
-  - [2. Creating a check](#2-creating-a-check)
+- [Generating verification reports](#generating-verification-reports)
 - [Theme Customization](#theme-customization)
   - [Android](#android-1)
   - [iOS](#ios-1)
@@ -57,7 +55,7 @@ This SDK provides a drop-in set of screens and tools for react native applicatio
 > 
 > If you are integrating using Onfido Studio please see our [Studio integration guide](ONFIDO_STUDIO.md)
 
-\* **Note**: the SDK is only responsible for capturing and uploading photos/videos. You still need to access the [Onfido API](https://documentation.onfido.com/) to create and manage checks.
+\* **Note**: The SDK is only responsible for capturing and uploading document photos, live selfies, live videos and motion captures. You still need to access the [Onfido API](https://documentation.onfido.com/) to manage applicants and [Onfido Studio](https://developers.onfido.com/guide/onfido-studio-product) to build verification workflows.
 
 * Supports iOS 11+
 * Supports Xcode 13+
@@ -600,34 +598,17 @@ let byteArrayString = mediaResult.fileData;
 let base64FileData = Onfido.byteArrayStringToBase64(byteArrayString);
 ```
 
-## Creating checks
+## Generating verification reports
 
-As the SDK is only responsible for capturing and uploading photos/videos, you would need to start a check on your backend server using the [Onfido API](https://documentation.onfido.com/).
+While the SDK is responsible for capturing and uploading document photos, live selfies, live videos and motion captures, identity verification reports themselves are generated based on workflows created using [Onfido Studio](https://developers.onfido.com/guide/onfido-studio-product). 
 
-### 1. Obtaining an API token
-
-All API requests must be made with an API token included in the request headers. You can find your API token (not to be mistaken with the mobile SDK token) inside your [Onfido Dashboard](https://onfido.com/dashboard/api/tokens).
-
-Refer to the [Authentication](https://documentation.onfido.com/#authentication) section in the API documentation for details. For testing, you should be using the sandbox, and not the live, token.
-
-### 2. Creating a check
-
-You will need to create a check by making a request to the [create check endpoint](https://documentation.onfido.com/#create-check), using the applicant id. If you are just verifying a document, you only have to include a [document report](https://documentation.onfido.com/#document-report) as part of the check. On the other hand, if you are verifying a document and a face photo/live video, you will also have to include a [facial similarity report](https://documentation.onfido.com/#facial-similarity-report) with the corresponding values: `facial_similarity_photo` for the photo option and `facial_similarity_video` for the video option.
-
-```shell
-$ curl https://api.onfido.com/v3/checks \
-    -H 'Authorization: Token token=YOUR_API_TOKEN' \
-    -d 'applicant_id=YOUR_APPLICANT_ID' \
-    -d 'report_names=[document,facial_similarity_photo]'
-```
-
-**Note**: You can also submit the POST request in JSON format.
+For a step-by-step walkthrough of creating an identity verification using Onfido Studio and our SDKs, please refer to our [Quick Start Guide](https://developers.onfido.com/guide/quick-start-guide).
 
-You will receive a response containing the check id instantly. As document and facial similarity reports do not always return actual [results](https://documentation.onfido.com/#results) straightaway, you need to set up a webhook to get notified when the results are ready.
+Alternatively, you can [create checks](https://documentation.onfido.com/#create-check) and [retrieve report results](https://documentation.onfido.com/#retrieve-report) manually using the Onfido API. You can also configure [webhooks](https://documentation.onfido.com/#webhooks) to be notified asynchronously of report results.
 
-Finally, as you are testing with the sandbox token, please be aware that the results are pre-determined. You can learn more about sandbox responses [here](https://documentation.onfido.com/#pre-determined-responses).
+**Note**: If you're using API v2 for API calls, please check out [API v2 to v3 migration guide](https://developers.onfido.com/guide/v2-to-v3-migration-guide#checks-in-api-v3) to understand which changes need to be applied before starting to use API v3.
 
-**Note**: If you're using API v2, please check out [API v2 to v3 migration guide](https://developers.onfido.com/guide/v2-to-v3-migration-guide#checks-in-api-v3) to understand which changes need to be applied before starting to use API v3.
+**Note**: If you are testing with a sandbox token, please be aware that report results are pre-determined. You can learn more about sandbox responses [here](https://documentation.onfido.com/#pre-determined-responses).
 
 ## Theme Customization
 
```


Failed to delete file node_modules/@onfido/react-native-sdk/android/.project

Failed to delete file node_modules/@onfido/react-native-sdk/android/bin/README.md

Failed to delete file node_modules/@onfido/react-native-sdk/android/bin/build.gradle

Cannot apply hunk 0 for file node_modules/@onfido/react-native-sdk/android/build.gradle
```diff
@@ -13,12 +13,20 @@
 def DEFAULT_COMPILE_SDK_VERSION = 33
 def DEFAULT_MIN_SDK_VERSION = 21
 def DEFAULT_TARGET_SDK_VERSION = 31
-def NATIVE_ANDROID_SDK_VERSION = "19.5.+"
+def NATIVE_ANDROID_SDK_VERSION = "19.6.+"
 
 def safeExtGet(prop, fallback) {
     rootProject.ext.has(prop) ? rootProject.ext.get(prop) : fallback
 }
 
+def isNewArchitectureEnabled() {
+    // To opt-in for the New Architecture, you can either:
+    // - Set `newArchEnabled` to true inside the `gradle.properties` file
+    // - Invoke gradle with `-newArchEnabled=true`
+    // - Set an environment variable `ORG_GRADLE_PROJECT_newArchEnabled=true`
+    return project.hasProperty("newArchEnabled") && project.newArchEnabled == "true"
+}
+
 def androidExclusion = [
         '**/databinding/**/*.*',
         '**/android/databinding/*Binding.*',
```


Cannot apply hunk 1 for file node_modules/@onfido/react-native-sdk/android/build.gradle
```diff
@@ -13,12 +13,20 @@
 def DEFAULT_COMPILE_SDK_VERSION = 33
 def DEFAULT_MIN_SDK_VERSION = 21
 def DEFAULT_TARGET_SDK_VERSION = 31
-def NATIVE_ANDROID_SDK_VERSION = "19.5.+"
+def NATIVE_ANDROID_SDK_VERSION = "19.6.+"
 
 def safeExtGet(prop, fallback) {
     rootProject.ext.has(prop) ? rootProject.ext.get(prop) : fallback
 }
 
+def isNewArchitectureEnabled() {
+    // To opt-in for the New Architecture, you can either:
+    // - Set `newArchEnabled` to true inside the `gradle.properties` file
+    // - Invoke gradle with `-newArchEnabled=true`
+    // - Set an environment variable `ORG_GRADLE_PROJECT_newArchEnabled=true`
+    return project.hasProperty("newArchEnabled") && project.newArchEnabled == "true"
+}
+
 def androidExclusion = [
         '**/databinding/**/*.*',
         '**/android/databinding/*Binding.*',
@@ -60,10 +68,24 @@ apply plugin: 'com.android.library'
 apply plugin: 'maven-publish'
 apply plugin: 'jacoco'
 
+if (isNewArchitectureEnabled()) {
+    apply plugin: "com.facebook.react"
+}
+
 apply from: 'publish.gradle'
 
 android {
     compileSdkVersion safeExtGet('compileSdkVersion', DEFAULT_COMPILE_SDK_VERSION)
+
+    // Used to override the NDK path/version on internal CI or by allowing
+    // users to customize the NDK path/version from their root project (e.g. for M1 support)
+    if (rootProject.hasProperty("ndkPath")) {
+        ndkPath rootProject.ext.ndkPath
+    }
+    if (rootProject.hasProperty("ndkVersion")) {
+        ndkVersion rootProject.ext.ndkVersion
+    }
+
     defaultConfig {
         minSdkVersion safeExtGet('minSdkVersion', DEFAULT_MIN_SDK_VERSION)
         targetSdkVersion safeExtGet('targetSdkVersion', DEFAULT_TARGET_SDK_VERSION)
```


Cannot apply hunk 2 for file node_modules/@onfido/react-native-sdk/android/build.gradle
```diff
@@ -13,12 +13,20 @@
 def DEFAULT_COMPILE_SDK_VERSION = 33
 def DEFAULT_MIN_SDK_VERSION = 21
 def DEFAULT_TARGET_SDK_VERSION = 31
-def NATIVE_ANDROID_SDK_VERSION = "19.5.+"
+def NATIVE_ANDROID_SDK_VERSION = "19.6.+"
 
 def safeExtGet(prop, fallback) {
     rootProject.ext.has(prop) ? rootProject.ext.get(prop) : fallback
 }
 
+def isNewArchitectureEnabled() {
+    // To opt-in for the New Architecture, you can either:
+    // - Set `newArchEnabled` to true inside the `gradle.properties` file
+    // - Invoke gradle with `-newArchEnabled=true`
+    // - Set an environment variable `ORG_GRADLE_PROJECT_newArchEnabled=true`
+    return project.hasProperty("newArchEnabled") && project.newArchEnabled == "true"
+}
+
 def androidExclusion = [
         '**/databinding/**/*.*',
         '**/android/databinding/*Binding.*',
@@ -60,10 +68,24 @@ apply plugin: 'com.android.library'
 apply plugin: 'maven-publish'
 apply plugin: 'jacoco'
 
+if (isNewArchitectureEnabled()) {
+    apply plugin: "com.facebook.react"
+}
+
 apply from: 'publish.gradle'
 
 android {
     compileSdkVersion safeExtGet('compileSdkVersion', DEFAULT_COMPILE_SDK_VERSION)
+
+    // Used to override the NDK path/version on internal CI or by allowing
+    // users to customize the NDK path/version from their root project (e.g. for M1 support)
+    if (rootProject.hasProperty("ndkPath")) {
+        ndkPath rootProject.ext.ndkPath
+    }
+    if (rootProject.hasProperty("ndkVersion")) {
+        ndkVersion rootProject.ext.ndkVersion
+    }
+
     defaultConfig {
         minSdkVersion safeExtGet('minSdkVersion', DEFAULT_MIN_SDK_VERSION)
         targetSdkVersion safeExtGet('targetSdkVersion', DEFAULT_TARGET_SDK_VERSION)
@@ -84,6 +106,20 @@ android {
         sourceCompatibility JavaVersion.VERSION_1_8
         targetCompatibility JavaVersion.VERSION_1_8
     }
+
+    sourceSets.main {
+        java {
+            if (!isNewArchitectureEnabled()) {
+                srcDirs += 'src/paper/java'
+            }
+        }
+    }
+    publishing {
+        singleVariant('release') {
+            withSourcesJar()
+            withJavadocJar()
+        }
+    }
 }
 
 repositories {
```


Cannot apply hunk 3 for file node_modules/@onfido/react-native-sdk/android/build.gradle
```diff
@@ -13,12 +13,20 @@
 def DEFAULT_COMPILE_SDK_VERSION = 33
 def DEFAULT_MIN_SDK_VERSION = 21
 def DEFAULT_TARGET_SDK_VERSION = 31
-def NATIVE_ANDROID_SDK_VERSION = "19.5.+"
+def NATIVE_ANDROID_SDK_VERSION = "19.6.+"
 
 def safeExtGet(prop, fallback) {
     rootProject.ext.has(prop) ? rootProject.ext.get(prop) : fallback
 }
 
+def isNewArchitectureEnabled() {
+    // To opt-in for the New Architecture, you can either:
+    // - Set `newArchEnabled` to true inside the `gradle.properties` file
+    // - Invoke gradle with `-newArchEnabled=true`
+    // - Set an environment variable `ORG_GRADLE_PROJECT_newArchEnabled=true`
+    return project.hasProperty("newArchEnabled") && project.newArchEnabled == "true"
+}
+
 def androidExclusion = [
         '**/databinding/**/*.*',
         '**/android/databinding/*Binding.*',
@@ -60,10 +68,24 @@ apply plugin: 'com.android.library'
 apply plugin: 'maven-publish'
 apply plugin: 'jacoco'
 
+if (isNewArchitectureEnabled()) {
+    apply plugin: "com.facebook.react"
+}
+
 apply from: 'publish.gradle'
 
 android {
     compileSdkVersion safeExtGet('compileSdkVersion', DEFAULT_COMPILE_SDK_VERSION)
+
+    // Used to override the NDK path/version on internal CI or by allowing
+    // users to customize the NDK path/version from their root project (e.g. for M1 support)
+    if (rootProject.hasProperty("ndkPath")) {
+        ndkPath rootProject.ext.ndkPath
+    }
+    if (rootProject.hasProperty("ndkVersion")) {
+        ndkVersion rootProject.ext.ndkVersion
+    }
+
     defaultConfig {
         minSdkVersion safeExtGet('minSdkVersion', DEFAULT_MIN_SDK_VERSION)
         targetSdkVersion safeExtGet('targetSdkVersion', DEFAULT_TARGET_SDK_VERSION)
@@ -84,6 +106,20 @@ android {
         sourceCompatibility JavaVersion.VERSION_1_8
         targetCompatibility JavaVersion.VERSION_1_8
     }
+
+    sourceSets.main {
+        java {
+            if (!isNewArchitectureEnabled()) {
+                srcDirs += 'src/paper/java'
+            }
+        }
+    }
+    publishing {
+        singleVariant('release') {
+            withSourcesJar()
+            withJavadocJar()
+        }
+    }
 }
 
 repositories {
@@ -103,8 +139,8 @@ repositories {
 }
 
 dependencies {
-    //noinspection GradleDynamicVersion
-    implementation 'com.facebook.react:react-native:+'  // From node_modules
+    implementation 'com.facebook.react:react-native:+' // from node_modules
+    
     implementation "com.onfido.sdk.capture:onfido-capture-sdk:$NATIVE_ANDROID_SDK_VERSION"
     implementation "com.onfido.sdk:onfido-workflow:$NATIVE_ANDROID_SDK_VERSION"
     implementation "com.squareup.okhttp3:logging-interceptor:3.14.9"
```


Cannot apply hunk 0 for file node_modules/@onfido/react-native-sdk/android/src/main/AndroidManifest.xml
```diff
@@ -8,6 +8,6 @@
 
         <meta-data
             android:name="onfido_integration_version"
-            android:value="10.6.0" />
+            android:value="10.7.0" />
     </application>
 </manifest>
```


Cannot apply hunk 0 for file node_modules/@onfido/react-native-sdk/android/src/main/java/com/onfido/reactnative/sdk/OnfidoSdkModule.java
```diff
@@ -3,14 +3,13 @@ package com.onfido.reactnative.sdk;
 import android.annotation.SuppressLint;
 import android.app.Activity;
 
-import com.facebook.react.bridge.NoSuchKeyException;
 import com.facebook.react.bridge.Promise;
 import com.facebook.react.bridge.ReactApplicationContext;
 import com.facebook.react.bridge.ReactContextBaseJavaModule;
 import com.facebook.react.bridge.ReactMethod;
 import com.facebook.react.bridge.ReadableArray;
 import com.facebook.react.bridge.ReadableMap;
-import com.facebook.react.bridge.UnexpectedNativeTypeException;
+import com.facebook.react.module.annotations.ReactModule;
 import com.facebook.react.bridge.WritableMap;
 import com.facebook.react.modules.core.DeviceEventManagerModule;
 import com.onfido.android.sdk.capture.DocumentType;
```


Cannot apply hunk 1 for file node_modules/@onfido/react-native-sdk/android/src/main/java/com/onfido/reactnative/sdk/OnfidoSdkModule.java
```diff
@@ -3,14 +3,13 @@ package com.onfido.reactnative.sdk;
 import android.annotation.SuppressLint;
 import android.app.Activity;
 
-import com.facebook.react.bridge.NoSuchKeyException;
 import com.facebook.react.bridge.Promise;
 import com.facebook.react.bridge.ReactApplicationContext;
 import com.facebook.react.bridge.ReactContextBaseJavaModule;
 import com.facebook.react.bridge.ReactMethod;
 import com.facebook.react.bridge.ReadableArray;
 import com.facebook.react.bridge.ReadableMap;
-import com.facebook.react.bridge.UnexpectedNativeTypeException;
+import com.facebook.react.module.annotations.ReactModule;
 import com.facebook.react.bridge.WritableMap;
 import com.facebook.react.modules.core.DeviceEventManagerModule;
 import com.onfido.android.sdk.capture.DocumentType;
@@ -23,7 +22,6 @@ import com.onfido.android.sdk.capture.errors.EnterpriseFeatureNotEnabledExceptio
 import com.onfido.android.sdk.capture.errors.EnterpriseFeaturesInvalidLogoCobrandingException;
 import com.onfido.android.sdk.capture.ui.camera.face.FaceCaptureStep;
 import com.onfido.android.sdk.capture.ui.camera.face.FaceCaptureVariantPhoto;
-import com.onfido.android.sdk.capture.ui.camera.face.FaceCaptureVariantVideo;
 import com.onfido.android.sdk.capture.ui.camera.face.stepbuilder.FaceCaptureStepBuilder;
 import com.onfido.android.sdk.capture.ui.camera.face.stepbuilder.PhotoCaptureStepBuilder;
 import com.onfido.android.sdk.capture.ui.camera.face.stepbuilder.VideoCaptureStepBuilder;
```


Cannot apply hunk 2 for file node_modules/@onfido/react-native-sdk/android/src/main/java/com/onfido/reactnative/sdk/OnfidoSdkModule.java
```diff
@@ -3,14 +3,13 @@ package com.onfido.reactnative.sdk;
 import android.annotation.SuppressLint;
 import android.app.Activity;
 
-import com.facebook.react.bridge.NoSuchKeyException;
 import com.facebook.react.bridge.Promise;
 import com.facebook.react.bridge.ReactApplicationContext;
 import com.facebook.react.bridge.ReactContextBaseJavaModule;
 import com.facebook.react.bridge.ReactMethod;
 import com.facebook.react.bridge.ReadableArray;
 import com.facebook.react.bridge.ReadableMap;
-import com.facebook.react.bridge.UnexpectedNativeTypeException;
+import com.facebook.react.module.annotations.ReactModule;
 import com.facebook.react.bridge.WritableMap;
 import com.facebook.react.modules.core.DeviceEventManagerModule;
 import com.onfido.android.sdk.capture.DocumentType;
@@ -23,7 +22,6 @@ import com.onfido.android.sdk.capture.errors.EnterpriseFeatureNotEnabledExceptio
 import com.onfido.android.sdk.capture.errors.EnterpriseFeaturesInvalidLogoCobrandingException;
 import com.onfido.android.sdk.capture.ui.camera.face.FaceCaptureStep;
 import com.onfido.android.sdk.capture.ui.camera.face.FaceCaptureVariantPhoto;
-import com.onfido.android.sdk.capture.ui.camera.face.FaceCaptureVariantVideo;
 import com.onfido.android.sdk.capture.ui.camera.face.stepbuilder.FaceCaptureStepBuilder;
 import com.onfido.android.sdk.capture.ui.camera.face.stepbuilder.PhotoCaptureStepBuilder;
 import com.onfido.android.sdk.capture.ui.camera.face.stepbuilder.VideoCaptureStepBuilder;
@@ -43,7 +41,10 @@ enum CallbackType {
     MEDIA
 }
 
-public class OnfidoSdkModule extends ReactContextBaseJavaModule {
+@ReactModule(name = OnfidoSdkModule.NAME)
+public class OnfidoSdkModule extends NativeOnfidoModuleSpec {
+
+    public static final String NAME = "RNOnfidoSdk";
 
     /* package */ final Onfido client;
     private Promise currentPromise = null;
```


Cannot apply hunk 3 for file node_modules/@onfido/react-native-sdk/android/src/main/java/com/onfido/reactnative/sdk/OnfidoSdkModule.java
```diff
@@ -3,14 +3,13 @@ package com.onfido.reactnative.sdk;
 import android.annotation.SuppressLint;
 import android.app.Activity;
 
-import com.facebook.react.bridge.NoSuchKeyException;
 import com.facebook.react.bridge.Promise;
 import com.facebook.react.bridge.ReactApplicationContext;
 import com.facebook.react.bridge.ReactContextBaseJavaModule;
 import com.facebook.react.bridge.ReactMethod;
 import com.facebook.react.bridge.ReadableArray;
 import com.facebook.react.bridge.ReadableMap;
-import com.facebook.react.bridge.UnexpectedNativeTypeException;
+import com.facebook.react.module.annotations.ReactModule;
 import com.facebook.react.bridge.WritableMap;
 import com.facebook.react.modules.core.DeviceEventManagerModule;
 import com.onfido.android.sdk.capture.DocumentType;
@@ -23,7 +22,6 @@ import com.onfido.android.sdk.capture.errors.EnterpriseFeatureNotEnabledExceptio
 import com.onfido.android.sdk.capture.errors.EnterpriseFeaturesInvalidLogoCobrandingException;
 import com.onfido.android.sdk.capture.ui.camera.face.FaceCaptureStep;
 import com.onfido.android.sdk.capture.ui.camera.face.FaceCaptureVariantPhoto;
-import com.onfido.android.sdk.capture.ui.camera.face.FaceCaptureVariantVideo;
 import com.onfido.android.sdk.capture.ui.camera.face.stepbuilder.FaceCaptureStepBuilder;
 import com.onfido.android.sdk.capture.ui.camera.face.stepbuilder.PhotoCaptureStepBuilder;
 import com.onfido.android.sdk.capture.ui.camera.face.stepbuilder.VideoCaptureStepBuilder;
@@ -43,7 +41,10 @@ enum CallbackType {
     MEDIA
 }
 
-public class OnfidoSdkModule extends ReactContextBaseJavaModule {
+@ReactModule(name = OnfidoSdkModule.NAME)
+public class OnfidoSdkModule extends NativeOnfidoModuleSpec {
+
+    public static final String NAME = "RNOnfidoSdk";
 
     /* package */ final Onfido client;
     private Promise currentPromise = null;
@@ -70,7 +71,7 @@ public class OnfidoSdkModule extends ReactContextBaseJavaModule {
 
     @Override
     public String getName() {
-        return "OnfidoSdk";
+        return NAME;
     }
 
     /**
```


Cannot apply hunk 4 for file node_modules/@onfido/react-native-sdk/android/src/main/java/com/onfido/reactnative/sdk/OnfidoSdkModule.java
```diff
@@ -3,14 +3,13 @@ package com.onfido.reactnative.sdk;
 import android.annotation.SuppressLint;
 import android.app.Activity;
 
-import com.facebook.react.bridge.NoSuchKeyException;
 import com.facebook.react.bridge.Promise;
 import com.facebook.react.bridge.ReactApplicationContext;
 import com.facebook.react.bridge.ReactContextBaseJavaModule;
 import com.facebook.react.bridge.ReactMethod;
 import com.facebook.react.bridge.ReadableArray;
 import com.facebook.react.bridge.ReadableMap;
-import com.facebook.react.bridge.UnexpectedNativeTypeException;
+import com.facebook.react.module.annotations.ReactModule;
 import com.facebook.react.bridge.WritableMap;
 import com.facebook.react.modules.core.DeviceEventManagerModule;
 import com.onfido.android.sdk.capture.DocumentType;
@@ -23,7 +22,6 @@ import com.onfido.android.sdk.capture.errors.EnterpriseFeatureNotEnabledExceptio
 import com.onfido.android.sdk.capture.errors.EnterpriseFeaturesInvalidLogoCobrandingException;
 import com.onfido.android.sdk.capture.ui.camera.face.FaceCaptureStep;
 import com.onfido.android.sdk.capture.ui.camera.face.FaceCaptureVariantPhoto;
-import com.onfido.android.sdk.capture.ui.camera.face.FaceCaptureVariantVideo;
 import com.onfido.android.sdk.capture.ui.camera.face.stepbuilder.FaceCaptureStepBuilder;
 import com.onfido.android.sdk.capture.ui.camera.face.stepbuilder.PhotoCaptureStepBuilder;
 import com.onfido.android.sdk.capture.ui.camera.face.stepbuilder.VideoCaptureStepBuilder;
@@ -43,7 +41,10 @@ enum CallbackType {
     MEDIA
 }
 
-public class OnfidoSdkModule extends ReactContextBaseJavaModule {
+@ReactModule(name = OnfidoSdkModule.NAME)
+public class OnfidoSdkModule extends NativeOnfidoModuleSpec {
+
+    public static final String NAME = "RNOnfidoSdk";
 
     /* package */ final Onfido client;
     private Promise currentPromise = null;
@@ -70,7 +71,7 @@ public class OnfidoSdkModule extends ReactContextBaseJavaModule {
 
     @Override
     public String getName() {
-        return "OnfidoSdk";
+        return NAME;
     }
 
     /**
@@ -81,6 +82,7 @@ public class OnfidoSdkModule extends ReactContextBaseJavaModule {
     }
 
     @ReactMethod
+    @Override
     public void start(final ReadableMap config, final Promise promise) {
 
         setPromise(promise);
```


Cannot apply hunk 5 for file node_modules/@onfido/react-native-sdk/android/src/main/java/com/onfido/reactnative/sdk/OnfidoSdkModule.java
```diff
@@ -3,14 +3,13 @@ package com.onfido.reactnative.sdk;
 import android.annotation.SuppressLint;
 import android.app.Activity;
 
-import com.facebook.react.bridge.NoSuchKeyException;
 import com.facebook.react.bridge.Promise;
 import com.facebook.react.bridge.ReactApplicationContext;
 import com.facebook.react.bridge.ReactContextBaseJavaModule;
 import com.facebook.react.bridge.ReactMethod;
 import com.facebook.react.bridge.ReadableArray;
 import com.facebook.react.bridge.ReadableMap;
-import com.facebook.react.bridge.UnexpectedNativeTypeException;
+import com.facebook.react.module.annotations.ReactModule;
 import com.facebook.react.bridge.WritableMap;
 import com.facebook.react.modules.core.DeviceEventManagerModule;
 import com.onfido.android.sdk.capture.DocumentType;
@@ -23,7 +22,6 @@ import com.onfido.android.sdk.capture.errors.EnterpriseFeatureNotEnabledExceptio
 import com.onfido.android.sdk.capture.errors.EnterpriseFeaturesInvalidLogoCobrandingException;
 import com.onfido.android.sdk.capture.ui.camera.face.FaceCaptureStep;
 import com.onfido.android.sdk.capture.ui.camera.face.FaceCaptureVariantPhoto;
-import com.onfido.android.sdk.capture.ui.camera.face.FaceCaptureVariantVideo;
 import com.onfido.android.sdk.capture.ui.camera.face.stepbuilder.FaceCaptureStepBuilder;
 import com.onfido.android.sdk.capture.ui.camera.face.stepbuilder.PhotoCaptureStepBuilder;
 import com.onfido.android.sdk.capture.ui.camera.face.stepbuilder.VideoCaptureStepBuilder;
@@ -43,7 +41,10 @@ enum CallbackType {
     MEDIA
 }
 
-public class OnfidoSdkModule extends ReactContextBaseJavaModule {
+@ReactModule(name = OnfidoSdkModule.NAME)
+public class OnfidoSdkModule extends NativeOnfidoModuleSpec {
+
+    public static final String NAME = "RNOnfidoSdk";
 
     /* package */ final Onfido client;
     private Promise currentPromise = null;
@@ -70,7 +71,7 @@ public class OnfidoSdkModule extends ReactContextBaseJavaModule {
 
     @Override
     public String getName() {
-        return "OnfidoSdk";
+        return NAME;
     }
 
     /**
@@ -81,6 +82,7 @@ public class OnfidoSdkModule extends ReactContextBaseJavaModule {
     }
 
     @ReactMethod
+    @Override
     public void start(final ReadableMap config, final Promise promise) {
 
         setPromise(promise);
@@ -147,7 +149,7 @@ public class OnfidoSdkModule extends ReactContextBaseJavaModule {
         }
 
         OnfidoTheme onfidoTheme = getThemeFromConfig(config);
-        if(onfidoTheme != null){
+        if (onfidoTheme != null) {
             onfidoConfigBuilder.withTheme(onfidoTheme);
         }
 
```


Cannot apply hunk 6 for file node_modules/@onfido/react-native-sdk/android/src/main/java/com/onfido/reactnative/sdk/OnfidoSdkModule.java
```diff
@@ -3,14 +3,13 @@ package com.onfido.reactnative.sdk;
 import android.annotation.SuppressLint;
 import android.app.Activity;
 
-import com.facebook.react.bridge.NoSuchKeyException;
 import com.facebook.react.bridge.Promise;
 import com.facebook.react.bridge.ReactApplicationContext;
 import com.facebook.react.bridge.ReactContextBaseJavaModule;
 import com.facebook.react.bridge.ReactMethod;
 import com.facebook.react.bridge.ReadableArray;
 import com.facebook.react.bridge.ReadableMap;
-import com.facebook.react.bridge.UnexpectedNativeTypeException;
+import com.facebook.react.module.annotations.ReactModule;
 import com.facebook.react.bridge.WritableMap;
 import com.facebook.react.modules.core.DeviceEventManagerModule;
 import com.onfido.android.sdk.capture.DocumentType;
@@ -23,7 +22,6 @@ import com.onfido.android.sdk.capture.errors.EnterpriseFeatureNotEnabledExceptio
 import com.onfido.android.sdk.capture.errors.EnterpriseFeaturesInvalidLogoCobrandingException;
 import com.onfido.android.sdk.capture.ui.camera.face.FaceCaptureStep;
 import com.onfido.android.sdk.capture.ui.camera.face.FaceCaptureVariantPhoto;
-import com.onfido.android.sdk.capture.ui.camera.face.FaceCaptureVariantVideo;
 import com.onfido.android.sdk.capture.ui.camera.face.stepbuilder.FaceCaptureStepBuilder;
 import com.onfido.android.sdk.capture.ui.camera.face.stepbuilder.PhotoCaptureStepBuilder;
 import com.onfido.android.sdk.capture.ui.camera.face.stepbuilder.VideoCaptureStepBuilder;
@@ -43,7 +41,10 @@ enum CallbackType {
     MEDIA
 }
 
-public class OnfidoSdkModule extends ReactContextBaseJavaModule {
+@ReactModule(name = OnfidoSdkModule.NAME)
+public class OnfidoSdkModule extends NativeOnfidoModuleSpec {
+
+    public static final String NAME = "RNOnfidoSdk";
 
     /* package */ final Onfido client;
     private Promise currentPromise = null;
@@ -70,7 +71,7 @@ public class OnfidoSdkModule extends ReactContextBaseJavaModule {
 
     @Override
     public String getName() {
-        return "OnfidoSdk";
+        return NAME;
     }
 
     /**
@@ -81,6 +82,7 @@ public class OnfidoSdkModule extends ReactContextBaseJavaModule {
     }
 
     @ReactMethod
+    @Override
     public void start(final ReadableMap config, final Promise promise) {
 
         setPromise(promise);
@@ -147,7 +149,7 @@ public class OnfidoSdkModule extends ReactContextBaseJavaModule {
         }
 
         OnfidoTheme onfidoTheme = getThemeFromConfig(config);
-        if(onfidoTheme != null){
+        if (onfidoTheme != null) {
             onfidoConfigBuilder.withTheme(onfidoTheme);
         }
 
@@ -184,7 +186,7 @@ public class OnfidoSdkModule extends ReactContextBaseJavaModule {
         }
 
         OnfidoTheme onfidoTheme = getThemeFromConfig(config);
-        if(onfidoTheme != null){
+        if (onfidoTheme != null) {
             onfidoConfigBuilder.withTheme(onfidoTheme);
         }
 
```


Cannot apply hunk 7 for file node_modules/@onfido/react-native-sdk/android/src/main/java/com/onfido/reactnative/sdk/OnfidoSdkModule.java
```diff
@@ -3,14 +3,13 @@ package com.onfido.reactnative.sdk;
 import android.annotation.SuppressLint;
 import android.app.Activity;
 
-import com.facebook.react.bridge.NoSuchKeyException;
 import com.facebook.react.bridge.Promise;
 import com.facebook.react.bridge.ReactApplicationContext;
 import com.facebook.react.bridge.ReactContextBaseJavaModule;
 import com.facebook.react.bridge.ReactMethod;
 import com.facebook.react.bridge.ReadableArray;
 import com.facebook.react.bridge.ReadableMap;
-import com.facebook.react.bridge.UnexpectedNativeTypeException;
+import com.facebook.react.module.annotations.ReactModule;
 import com.facebook.react.bridge.WritableMap;
 import com.facebook.react.modules.core.DeviceEventManagerModule;
 import com.onfido.android.sdk.capture.DocumentType;
@@ -23,7 +22,6 @@ import com.onfido.android.sdk.capture.errors.EnterpriseFeatureNotEnabledExceptio
 import com.onfido.android.sdk.capture.errors.EnterpriseFeaturesInvalidLogoCobrandingException;
 import com.onfido.android.sdk.capture.ui.camera.face.FaceCaptureStep;
 import com.onfido.android.sdk.capture.ui.camera.face.FaceCaptureVariantPhoto;
-import com.onfido.android.sdk.capture.ui.camera.face.FaceCaptureVariantVideo;
 import com.onfido.android.sdk.capture.ui.camera.face.stepbuilder.FaceCaptureStepBuilder;
 import com.onfido.android.sdk.capture.ui.camera.face.stepbuilder.PhotoCaptureStepBuilder;
 import com.onfido.android.sdk.capture.ui.camera.face.stepbuilder.VideoCaptureStepBuilder;
@@ -43,7 +41,10 @@ enum CallbackType {
     MEDIA
 }
 
-public class OnfidoSdkModule extends ReactContextBaseJavaModule {
+@ReactModule(name = OnfidoSdkModule.NAME)
+public class OnfidoSdkModule extends NativeOnfidoModuleSpec {
+
+    public static final String NAME = "RNOnfidoSdk";
 
     /* package */ final Onfido client;
     private Promise currentPromise = null;
@@ -70,7 +71,7 @@ public class OnfidoSdkModule extends ReactContextBaseJavaModule {
 
     @Override
     public String getName() {
-        return "OnfidoSdk";
+        return NAME;
     }
 
     /**
@@ -81,6 +82,7 @@ public class OnfidoSdkModule extends ReactContextBaseJavaModule {
     }
 
     @ReactMethod
+    @Override
     public void start(final ReadableMap config, final Promise promise) {
 
         setPromise(promise);
@@ -147,7 +149,7 @@ public class OnfidoSdkModule extends ReactContextBaseJavaModule {
         }
 
         OnfidoTheme onfidoTheme = getThemeFromConfig(config);
-        if(onfidoTheme != null){
+        if (onfidoTheme != null) {
             onfidoConfigBuilder.withTheme(onfidoTheme);
         }
 
@@ -184,7 +186,7 @@ public class OnfidoSdkModule extends ReactContextBaseJavaModule {
         }
 
         OnfidoTheme onfidoTheme = getThemeFromConfig(config);
-        if(onfidoTheme != null){
+        if (onfidoTheme != null) {
             onfidoConfigBuilder.withTheme(onfidoTheme);
         }
 
@@ -237,9 +239,9 @@ public class OnfidoSdkModule extends ReactContextBaseJavaModule {
         return config.hasKey(key) ? config.getString(key) : "";
     }
 
-    public static OnfidoTheme getThemeFromConfig(final ReadableMap config) throws Exception{
+    public static OnfidoTheme getThemeFromConfig(final ReadableMap config) throws Exception {
         String themeString = config.getString("theme");
-        if(themeString == null){
+        if (themeString == null) {
             return null;
         }
         OnfidoTheme onfidoTheme;
```


Cannot apply hunk 8 for file node_modules/@onfido/react-native-sdk/android/src/main/java/com/onfido/reactnative/sdk/OnfidoSdkModule.java
```diff
@@ -3,14 +3,13 @@ package com.onfido.reactnative.sdk;
 import android.annotation.SuppressLint;
 import android.app.Activity;
 
-import com.facebook.react.bridge.NoSuchKeyException;
 import com.facebook.react.bridge.Promise;
 import com.facebook.react.bridge.ReactApplicationContext;
 import com.facebook.react.bridge.ReactContextBaseJavaModule;
 import com.facebook.react.bridge.ReactMethod;
 import com.facebook.react.bridge.ReadableArray;
 import com.facebook.react.bridge.ReadableMap;
-import com.facebook.react.bridge.UnexpectedNativeTypeException;
+import com.facebook.react.module.annotations.ReactModule;
 import com.facebook.react.bridge.WritableMap;
 import com.facebook.react.modules.core.DeviceEventManagerModule;
 import com.onfido.android.sdk.capture.DocumentType;
@@ -23,7 +22,6 @@ import com.onfido.android.sdk.capture.errors.EnterpriseFeatureNotEnabledExceptio
 import com.onfido.android.sdk.capture.errors.EnterpriseFeaturesInvalidLogoCobrandingException;
 import com.onfido.android.sdk.capture.ui.camera.face.FaceCaptureStep;
 import com.onfido.android.sdk.capture.ui.camera.face.FaceCaptureVariantPhoto;
-import com.onfido.android.sdk.capture.ui.camera.face.FaceCaptureVariantVideo;
 import com.onfido.android.sdk.capture.ui.camera.face.stepbuilder.FaceCaptureStepBuilder;
 import com.onfido.android.sdk.capture.ui.camera.face.stepbuilder.PhotoCaptureStepBuilder;
 import com.onfido.android.sdk.capture.ui.camera.face.stepbuilder.VideoCaptureStepBuilder;
@@ -43,7 +41,10 @@ enum CallbackType {
     MEDIA
 }
 
-public class OnfidoSdkModule extends ReactContextBaseJavaModule {
+@ReactModule(name = OnfidoSdkModule.NAME)
+public class OnfidoSdkModule extends NativeOnfidoModuleSpec {
+
+    public static final String NAME = "RNOnfidoSdk";
 
     /* package */ final Onfido client;
     private Promise currentPromise = null;
@@ -70,7 +71,7 @@ public class OnfidoSdkModule extends ReactContextBaseJavaModule {
 
     @Override
     public String getName() {
-        return "OnfidoSdk";
+        return NAME;
     }
 
     /**
@@ -81,6 +82,7 @@ public class OnfidoSdkModule extends ReactContextBaseJavaModule {
     }
 
     @ReactMethod
+    @Override
     public void start(final ReadableMap config, final Promise promise) {
 
         setPromise(promise);
@@ -147,7 +149,7 @@ public class OnfidoSdkModule extends ReactContextBaseJavaModule {
         }
 
         OnfidoTheme onfidoTheme = getThemeFromConfig(config);
-        if(onfidoTheme != null){
+        if (onfidoTheme != null) {
             onfidoConfigBuilder.withTheme(onfidoTheme);
         }
 
@@ -184,7 +186,7 @@ public class OnfidoSdkModule extends ReactContextBaseJavaModule {
         }
 
         OnfidoTheme onfidoTheme = getThemeFromConfig(config);
-        if(onfidoTheme != null){
+        if (onfidoTheme != null) {
             onfidoConfigBuilder.withTheme(onfidoTheme);
         }
 
@@ -237,9 +239,9 @@ public class OnfidoSdkModule extends ReactContextBaseJavaModule {
         return config.hasKey(key) ? config.getString(key) : "";
     }
 
-    public static OnfidoTheme getThemeFromConfig(final ReadableMap config) throws Exception{
+    public static OnfidoTheme getThemeFromConfig(final ReadableMap config) throws Exception {
         String themeString = config.getString("theme");
-        if(themeString == null){
+        if (themeString == null) {
             return null;
         }
         OnfidoTheme onfidoTheme;
@@ -252,12 +254,18 @@ public class OnfidoSdkModule extends ReactContextBaseJavaModule {
         return onfidoTheme;
     }
 
+    /*
+        (!) Please note that flow steps must be presented in a specific order, one which is also
+        implemented in the native SDKs, as well as in the iOS RN SDK.
+
+        As per the Product indications in https://onfido.atlassian.net/browse/SDK-2390, this order
+        should be: Welcome->Doc->POA->Bio
+     */
     public static FlowStep[] getFlowStepsFromConfig(
             final ReadableMap config,
             OnfidoConfig.Builder configBuilder
     ) throws Exception {
         try {
-
             final ReadableMap flowSteps = config.getMap("flowSteps");
 
             final boolean welcomePageIsIncluded;
```


Cannot apply hunk 9 for file node_modules/@onfido/react-native-sdk/android/src/main/java/com/onfido/reactnative/sdk/OnfidoSdkModule.java
```diff
@@ -3,14 +3,13 @@ package com.onfido.reactnative.sdk;
 import android.annotation.SuppressLint;
 import android.app.Activity;
 
-import com.facebook.react.bridge.NoSuchKeyException;
 import com.facebook.react.bridge.Promise;
 import com.facebook.react.bridge.ReactApplicationContext;
 import com.facebook.react.bridge.ReactContextBaseJavaModule;
 import com.facebook.react.bridge.ReactMethod;
 import com.facebook.react.bridge.ReadableArray;
 import com.facebook.react.bridge.ReadableMap;
-import com.facebook.react.bridge.UnexpectedNativeTypeException;
+import com.facebook.react.module.annotations.ReactModule;
 import com.facebook.react.bridge.WritableMap;
 import com.facebook.react.modules.core.DeviceEventManagerModule;
 import com.onfido.android.sdk.capture.DocumentType;
@@ -23,7 +22,6 @@ import com.onfido.android.sdk.capture.errors.EnterpriseFeatureNotEnabledExceptio
 import com.onfido.android.sdk.capture.errors.EnterpriseFeaturesInvalidLogoCobrandingException;
 import com.onfido.android.sdk.capture.ui.camera.face.FaceCaptureStep;
 import com.onfido.android.sdk.capture.ui.camera.face.FaceCaptureVariantPhoto;
-import com.onfido.android.sdk.capture.ui.camera.face.FaceCaptureVariantVideo;
 import com.onfido.android.sdk.capture.ui.camera.face.stepbuilder.FaceCaptureStepBuilder;
 import com.onfido.android.sdk.capture.ui.camera.face.stepbuilder.PhotoCaptureStepBuilder;
 import com.onfido.android.sdk.capture.ui.camera.face.stepbuilder.VideoCaptureStepBuilder;
@@ -43,7 +41,10 @@ enum CallbackType {
     MEDIA
 }
 
-public class OnfidoSdkModule extends ReactContextBaseJavaModule {
+@ReactModule(name = OnfidoSdkModule.NAME)
+public class OnfidoSdkModule extends NativeOnfidoModuleSpec {
+
+    public static final String NAME = "RNOnfidoSdk";
 
     /* package */ final Onfido client;
     private Promise currentPromise = null;
@@ -70,7 +71,7 @@ public class OnfidoSdkModule extends ReactContextBaseJavaModule {
 
     @Override
     public String getName() {
-        return "OnfidoSdk";
+        return NAME;
     }
 
     /**
@@ -81,6 +82,7 @@ public class OnfidoSdkModule extends ReactContextBaseJavaModule {
     }
 
     @ReactMethod
+    @Override
     public void start(final ReadableMap config, final Promise promise) {
 
         setPromise(promise);
@@ -147,7 +149,7 @@ public class OnfidoSdkModule extends ReactContextBaseJavaModule {
         }
 
         OnfidoTheme onfidoTheme = getThemeFromConfig(config);
-        if(onfidoTheme != null){
+        if (onfidoTheme != null) {
             onfidoConfigBuilder.withTheme(onfidoTheme);
         }
 
@@ -184,7 +186,7 @@ public class OnfidoSdkModule extends ReactContextBaseJavaModule {
         }
 
         OnfidoTheme onfidoTheme = getThemeFromConfig(config);
-        if(onfidoTheme != null){
+        if (onfidoTheme != null) {
             onfidoConfigBuilder.withTheme(onfidoTheme);
         }
 
@@ -237,9 +239,9 @@ public class OnfidoSdkModule extends ReactContextBaseJavaModule {
         return config.hasKey(key) ? config.getString(key) : "";
     }
 
-    public static OnfidoTheme getThemeFromConfig(final ReadableMap config) throws Exception{
+    public static OnfidoTheme getThemeFromConfig(final ReadableMap config) throws Exception {
         String themeString = config.getString("theme");
-        if(themeString == null){
+        if (themeString == null) {
             return null;
         }
         OnfidoTheme onfidoTheme;
@@ -252,12 +254,18 @@ public class OnfidoSdkModule extends ReactContextBaseJavaModule {
         return onfidoTheme;
     }
 
+    /*
+        (!) Please note that flow steps must be presented in a specific order, one which is also
+        implemented in the native SDKs, as well as in the iOS RN SDK.
+
+        As per the Product indications in https://onfido.atlassian.net/browse/SDK-2390, this order
+        should be: Welcome->Doc->POA->Bio
+     */
     public static FlowStep[] getFlowStepsFromConfig(
             final ReadableMap config,
             OnfidoConfig.Builder configBuilder
     ) throws Exception {
         try {
-
             final ReadableMap flowSteps = config.getMap("flowSteps");
 
             final boolean welcomePageIsIncluded;
@@ -268,11 +276,12 @@ public class OnfidoSdkModule extends ReactContextBaseJavaModule {
             }
 
             final boolean proofOfAddress;
-            if(flowSteps.hasKey("proofOfAddress")){
+            if (flowSteps.hasKey("proofOfAddress")) {
                 proofOfAddress = flowSteps.getBoolean("proofOfAddress");
-            }else{
+            } else {
                 proofOfAddress = false;
             }
+
             final List<FlowStep> flowStepList = new ArrayList<>();
 
             if (welcomePageIsIncluded) {
```


Cannot apply hunk 10 for file node_modules/@onfido/react-native-sdk/android/src/main/java/com/onfido/reactnative/sdk/OnfidoSdkModule.java
```diff
@@ -3,14 +3,13 @@ package com.onfido.reactnative.sdk;
 import android.annotation.SuppressLint;
 import android.app.Activity;
 
-import com.facebook.react.bridge.NoSuchKeyException;
 import com.facebook.react.bridge.Promise;
 import com.facebook.react.bridge.ReactApplicationContext;
 import com.facebook.react.bridge.ReactContextBaseJavaModule;
 import com.facebook.react.bridge.ReactMethod;
 import com.facebook.react.bridge.ReadableArray;
 import com.facebook.react.bridge.ReadableMap;
-import com.facebook.react.bridge.UnexpectedNativeTypeException;
+import com.facebook.react.module.annotations.ReactModule;
 import com.facebook.react.bridge.WritableMap;
 import com.facebook.react.modules.core.DeviceEventManagerModule;
 import com.onfido.android.sdk.capture.DocumentType;
@@ -23,7 +22,6 @@ import com.onfido.android.sdk.capture.errors.EnterpriseFeatureNotEnabledExceptio
 import com.onfido.android.sdk.capture.errors.EnterpriseFeaturesInvalidLogoCobrandingException;
 import com.onfido.android.sdk.capture.ui.camera.face.FaceCaptureStep;
 import com.onfido.android.sdk.capture.ui.camera.face.FaceCaptureVariantPhoto;
-import com.onfido.android.sdk.capture.ui.camera.face.FaceCaptureVariantVideo;
 import com.onfido.android.sdk.capture.ui.camera.face.stepbuilder.FaceCaptureStepBuilder;
 import com.onfido.android.sdk.capture.ui.camera.face.stepbuilder.PhotoCaptureStepBuilder;
 import com.onfido.android.sdk.capture.ui.camera.face.stepbuilder.VideoCaptureStepBuilder;
@@ -43,7 +41,10 @@ enum CallbackType {
     MEDIA
 }
 
-public class OnfidoSdkModule extends ReactContextBaseJavaModule {
+@ReactModule(name = OnfidoSdkModule.NAME)
+public class OnfidoSdkModule extends NativeOnfidoModuleSpec {
+
+    public static final String NAME = "RNOnfidoSdk";
 
     /* package */ final Onfido client;
     private Promise currentPromise = null;
@@ -70,7 +71,7 @@ public class OnfidoSdkModule extends ReactContextBaseJavaModule {
 
     @Override
     public String getName() {
-        return "OnfidoSdk";
+        return NAME;
     }
 
     /**
@@ -81,6 +82,7 @@ public class OnfidoSdkModule extends ReactContextBaseJavaModule {
     }
 
     @ReactMethod
+    @Override
     public void start(final ReadableMap config, final Promise promise) {
 
         setPromise(promise);
@@ -147,7 +149,7 @@ public class OnfidoSdkModule extends ReactContextBaseJavaModule {
         }
 
         OnfidoTheme onfidoTheme = getThemeFromConfig(config);
-        if(onfidoTheme != null){
+        if (onfidoTheme != null) {
             onfidoConfigBuilder.withTheme(onfidoTheme);
         }
 
@@ -184,7 +186,7 @@ public class OnfidoSdkModule extends ReactContextBaseJavaModule {
         }
 
         OnfidoTheme onfidoTheme = getThemeFromConfig(config);
-        if(onfidoTheme != null){
+        if (onfidoTheme != null) {
             onfidoConfigBuilder.withTheme(onfidoTheme);
         }
 
@@ -237,9 +239,9 @@ public class OnfidoSdkModule extends ReactContextBaseJavaModule {
         return config.hasKey(key) ? config.getString(key) : "";
     }
 
-    public static OnfidoTheme getThemeFromConfig(final ReadableMap config) throws Exception{
+    public static OnfidoTheme getThemeFromConfig(final ReadableMap config) throws Exception {
         String themeString = config.getString("theme");
-        if(themeString == null){
+        if (themeString == null) {
             return null;
         }
         OnfidoTheme onfidoTheme;
@@ -252,12 +254,18 @@ public class OnfidoSdkModule extends ReactContextBaseJavaModule {
         return onfidoTheme;
     }
 
+    /*
+        (!) Please note that flow steps must be presented in a specific order, one which is also
+        implemented in the native SDKs, as well as in the iOS RN SDK.
+
+        As per the Product indications in https://onfido.atlassian.net/browse/SDK-2390, this order
+        should be: Welcome->Doc->POA->Bio
+     */
     public static FlowStep[] getFlowStepsFromConfig(
             final ReadableMap config,
             OnfidoConfig.Builder configBuilder
     ) throws Exception {
         try {
-
             final ReadableMap flowSteps = config.getMap("flowSteps");
 
             final boolean welcomePageIsIncluded;
@@ -268,11 +276,12 @@ public class OnfidoSdkModule extends ReactContextBaseJavaModule {
             }
 
             final boolean proofOfAddress;
-            if(flowSteps.hasKey("proofOfAddress")){
+            if (flowSteps.hasKey("proofOfAddress")) {
                 proofOfAddress = flowSteps.getBoolean("proofOfAddress");
-            }else{
+            } else {
                 proofOfAddress = false;
             }
+
             final List<FlowStep> flowStepList = new ArrayList<>();
 
             if (welcomePageIsIncluded) {
@@ -283,6 +292,10 @@ public class OnfidoSdkModule extends ReactContextBaseJavaModule {
                 extractCaptureDocumentStep(flowSteps, flowStepList, configBuilder);
             }
 
+            if (proofOfAddress) {
+                flowStepList.add(FlowStep.PROOF_OF_ADDRESS);
+            }
+
             final boolean captureFaceEnabled = flowSteps.hasKey("captureFace");
             final ReadableMap captureFace = captureFaceEnabled ? flowSteps.getMap("captureFace") : null;
 
```


Cannot apply hunk 11 for file node_modules/@onfido/react-native-sdk/android/src/main/java/com/onfido/reactnative/sdk/OnfidoSdkModule.java
```diff
@@ -3,14 +3,13 @@ package com.onfido.reactnative.sdk;
 import android.annotation.SuppressLint;
 import android.app.Activity;
 
-import com.facebook.react.bridge.NoSuchKeyException;
 import com.facebook.react.bridge.Promise;
 import com.facebook.react.bridge.ReactApplicationContext;
 import com.facebook.react.bridge.ReactContextBaseJavaModule;
 import com.facebook.react.bridge.ReactMethod;
 import com.facebook.react.bridge.ReadableArray;
 import com.facebook.react.bridge.ReadableMap;
-import com.facebook.react.bridge.UnexpectedNativeTypeException;
+import com.facebook.react.module.annotations.ReactModule;
 import com.facebook.react.bridge.WritableMap;
 import com.facebook.react.modules.core.DeviceEventManagerModule;
 import com.onfido.android.sdk.capture.DocumentType;
@@ -23,7 +22,6 @@ import com.onfido.android.sdk.capture.errors.EnterpriseFeatureNotEnabledExceptio
 import com.onfido.android.sdk.capture.errors.EnterpriseFeaturesInvalidLogoCobrandingException;
 import com.onfido.android.sdk.capture.ui.camera.face.FaceCaptureStep;
 import com.onfido.android.sdk.capture.ui.camera.face.FaceCaptureVariantPhoto;
-import com.onfido.android.sdk.capture.ui.camera.face.FaceCaptureVariantVideo;
 import com.onfido.android.sdk.capture.ui.camera.face.stepbuilder.FaceCaptureStepBuilder;
 import com.onfido.android.sdk.capture.ui.camera.face.stepbuilder.PhotoCaptureStepBuilder;
 import com.onfido.android.sdk.capture.ui.camera.face.stepbuilder.VideoCaptureStepBuilder;
@@ -43,7 +41,10 @@ enum CallbackType {
     MEDIA
 }
 
-public class OnfidoSdkModule extends ReactContextBaseJavaModule {
+@ReactModule(name = OnfidoSdkModule.NAME)
+public class OnfidoSdkModule extends NativeOnfidoModuleSpec {
+
+    public static final String NAME = "RNOnfidoSdk";
 
     /* package */ final Onfido client;
     private Promise currentPromise = null;
@@ -70,7 +71,7 @@ public class OnfidoSdkModule extends ReactContextBaseJavaModule {
 
     @Override
     public String getName() {
-        return "OnfidoSdk";
+        return NAME;
     }
 
     /**
@@ -81,6 +82,7 @@ public class OnfidoSdkModule extends ReactContextBaseJavaModule {
     }
 
     @ReactMethod
+    @Override
     public void start(final ReadableMap config, final Promise promise) {
 
         setPromise(promise);
@@ -147,7 +149,7 @@ public class OnfidoSdkModule extends ReactContextBaseJavaModule {
         }
 
         OnfidoTheme onfidoTheme = getThemeFromConfig(config);
-        if(onfidoTheme != null){
+        if (onfidoTheme != null) {
             onfidoConfigBuilder.withTheme(onfidoTheme);
         }
 
@@ -184,7 +186,7 @@ public class OnfidoSdkModule extends ReactContextBaseJavaModule {
         }
 
         OnfidoTheme onfidoTheme = getThemeFromConfig(config);
-        if(onfidoTheme != null){
+        if (onfidoTheme != null) {
             onfidoConfigBuilder.withTheme(onfidoTheme);
         }
 
@@ -237,9 +239,9 @@ public class OnfidoSdkModule extends ReactContextBaseJavaModule {
         return config.hasKey(key) ? config.getString(key) : "";
     }
 
-    public static OnfidoTheme getThemeFromConfig(final ReadableMap config) throws Exception{
+    public static OnfidoTheme getThemeFromConfig(final ReadableMap config) throws Exception {
         String themeString = config.getString("theme");
-        if(themeString == null){
+        if (themeString == null) {
             return null;
         }
         OnfidoTheme onfidoTheme;
@@ -252,12 +254,18 @@ public class OnfidoSdkModule extends ReactContextBaseJavaModule {
         return onfidoTheme;
     }
 
+    /*
+        (!) Please note that flow steps must be presented in a specific order, one which is also
+        implemented in the native SDKs, as well as in the iOS RN SDK.
+
+        As per the Product indications in https://onfido.atlassian.net/browse/SDK-2390, this order
+        should be: Welcome->Doc->POA->Bio
+     */
     public static FlowStep[] getFlowStepsFromConfig(
             final ReadableMap config,
             OnfidoConfig.Builder configBuilder
     ) throws Exception {
         try {
-
             final ReadableMap flowSteps = config.getMap("flowSteps");
 
             final boolean welcomePageIsIncluded;
@@ -268,11 +276,12 @@ public class OnfidoSdkModule extends ReactContextBaseJavaModule {
             }
 
             final boolean proofOfAddress;
-            if(flowSteps.hasKey("proofOfAddress")){
+            if (flowSteps.hasKey("proofOfAddress")) {
                 proofOfAddress = flowSteps.getBoolean("proofOfAddress");
-            }else{
+            } else {
                 proofOfAddress = false;
             }
+
             final List<FlowStep> flowStepList = new ArrayList<>();
 
             if (welcomePageIsIncluded) {
@@ -283,6 +292,10 @@ public class OnfidoSdkModule extends ReactContextBaseJavaModule {
                 extractCaptureDocumentStep(flowSteps, flowStepList, configBuilder);
             }
 
+            if (proofOfAddress) {
+                flowStepList.add(FlowStep.PROOF_OF_ADDRESS);
+            }
+
             final boolean captureFaceEnabled = flowSteps.hasKey("captureFace");
             final ReadableMap captureFace = captureFaceEnabled ? flowSteps.getMap("captureFace") : null;
 
@@ -301,7 +314,7 @@ public class OnfidoSdkModule extends ReactContextBaseJavaModule {
                             flowStepList.add(faceStepFromMotionDefinition(captureFace));
                             break;
                         default:
-                            throw new Exception("Invalid face capture type.  \"type\" must be VIDEO or PHOTO.");
+                            throw new Exception("Invalid face capture type. \"type\" must be VIDEO or PHOTO.");
                     }
                 } else {
                     // Default face capture type is photo.
```


Cannot apply hunk 12 for file node_modules/@onfido/react-native-sdk/android/src/main/java/com/onfido/reactnative/sdk/OnfidoSdkModule.java
```diff
@@ -3,14 +3,13 @@ package com.onfido.reactnative.sdk;
 import android.annotation.SuppressLint;
 import android.app.Activity;
 
-import com.facebook.react.bridge.NoSuchKeyException;
 import com.facebook.react.bridge.Promise;
 import com.facebook.react.bridge.ReactApplicationContext;
 import com.facebook.react.bridge.ReactContextBaseJavaModule;
 import com.facebook.react.bridge.ReactMethod;
 import com.facebook.react.bridge.ReadableArray;
 import com.facebook.react.bridge.ReadableMap;
-import com.facebook.react.bridge.UnexpectedNativeTypeException;
+import com.facebook.react.module.annotations.ReactModule;
 import com.facebook.react.bridge.WritableMap;
 import com.facebook.react.modules.core.DeviceEventManagerModule;
 import com.onfido.android.sdk.capture.DocumentType;
@@ -23,7 +22,6 @@ import com.onfido.android.sdk.capture.errors.EnterpriseFeatureNotEnabledExceptio
 import com.onfido.android.sdk.capture.errors.EnterpriseFeaturesInvalidLogoCobrandingException;
 import com.onfido.android.sdk.capture.ui.camera.face.FaceCaptureStep;
 import com.onfido.android.sdk.capture.ui.camera.face.FaceCaptureVariantPhoto;
-import com.onfido.android.sdk.capture.ui.camera.face.FaceCaptureVariantVideo;
 import com.onfido.android.sdk.capture.ui.camera.face.stepbuilder.FaceCaptureStepBuilder;
 import com.onfido.android.sdk.capture.ui.camera.face.stepbuilder.PhotoCaptureStepBuilder;
 import com.onfido.android.sdk.capture.ui.camera.face.stepbuilder.VideoCaptureStepBuilder;
@@ -43,7 +41,10 @@ enum CallbackType {
     MEDIA
 }
 
-public class OnfidoSdkModule extends ReactContextBaseJavaModule {
+@ReactModule(name = OnfidoSdkModule.NAME)
+public class OnfidoSdkModule extends NativeOnfidoModuleSpec {
+
+    public static final String NAME = "RNOnfidoSdk";
 
     /* package */ final Onfido client;
     private Promise currentPromise = null;
@@ -70,7 +71,7 @@ public class OnfidoSdkModule extends ReactContextBaseJavaModule {
 
     @Override
     public String getName() {
-        return "OnfidoSdk";
+        return NAME;
     }
 
     /**
@@ -81,6 +82,7 @@ public class OnfidoSdkModule extends ReactContextBaseJavaModule {
     }
 
     @ReactMethod
+    @Override
     public void start(final ReadableMap config, final Promise promise) {
 
         setPromise(promise);
@@ -147,7 +149,7 @@ public class OnfidoSdkModule extends ReactContextBaseJavaModule {
         }
 
         OnfidoTheme onfidoTheme = getThemeFromConfig(config);
-        if(onfidoTheme != null){
+        if (onfidoTheme != null) {
             onfidoConfigBuilder.withTheme(onfidoTheme);
         }
 
@@ -184,7 +186,7 @@ public class OnfidoSdkModule extends ReactContextBaseJavaModule {
         }
 
         OnfidoTheme onfidoTheme = getThemeFromConfig(config);
-        if(onfidoTheme != null){
+        if (onfidoTheme != null) {
             onfidoConfigBuilder.withTheme(onfidoTheme);
         }
 
@@ -237,9 +239,9 @@ public class OnfidoSdkModule extends ReactContextBaseJavaModule {
         return config.hasKey(key) ? config.getString(key) : "";
     }
 
-    public static OnfidoTheme getThemeFromConfig(final ReadableMap config) throws Exception{
+    public static OnfidoTheme getThemeFromConfig(final ReadableMap config) throws Exception {
         String themeString = config.getString("theme");
-        if(themeString == null){
+        if (themeString == null) {
             return null;
         }
         OnfidoTheme onfidoTheme;
@@ -252,12 +254,18 @@ public class OnfidoSdkModule extends ReactContextBaseJavaModule {
         return onfidoTheme;
     }
 
+    /*
+        (!) Please note that flow steps must be presented in a specific order, one which is also
+        implemented in the native SDKs, as well as in the iOS RN SDK.
+
+        As per the Product indications in https://onfido.atlassian.net/browse/SDK-2390, this order
+        should be: Welcome->Doc->POA->Bio
+     */
     public static FlowStep[] getFlowStepsFromConfig(
             final ReadableMap config,
             OnfidoConfig.Builder configBuilder
     ) throws Exception {
         try {
-
             final ReadableMap flowSteps = config.getMap("flowSteps");
 
             final boolean welcomePageIsIncluded;
@@ -268,11 +276,12 @@ public class OnfidoSdkModule extends ReactContextBaseJavaModule {
             }
 
             final boolean proofOfAddress;
-            if(flowSteps.hasKey("proofOfAddress")){
+            if (flowSteps.hasKey("proofOfAddress")) {
                 proofOfAddress = flowSteps.getBoolean("proofOfAddress");
-            }else{
+            } else {
                 proofOfAddress = false;
             }
+
             final List<FlowStep> flowStepList = new ArrayList<>();
 
             if (welcomePageIsIncluded) {
@@ -283,6 +292,10 @@ public class OnfidoSdkModule extends ReactContextBaseJavaModule {
                 extractCaptureDocumentStep(flowSteps, flowStepList, configBuilder);
             }
 
+            if (proofOfAddress) {
+                flowStepList.add(FlowStep.PROOF_OF_ADDRESS);
+            }
+
             final boolean captureFaceEnabled = flowSteps.hasKey("captureFace");
             final ReadableMap captureFace = captureFaceEnabled ? flowSteps.getMap("captureFace") : null;
 
@@ -301,7 +314,7 @@ public class OnfidoSdkModule extends ReactContextBaseJavaModule {
                             flowStepList.add(faceStepFromMotionDefinition(captureFace));
                             break;
                         default:
-                            throw new Exception("Invalid face capture type.  \"type\" must be VIDEO or PHOTO.");
+                            throw new Exception("Invalid face capture type. \"type\" must be VIDEO or PHOTO.");
                     }
                 } else {
                     // Default face capture type is photo.
@@ -309,12 +322,7 @@ public class OnfidoSdkModule extends ReactContextBaseJavaModule {
                 }
             }
 
-            if(proofOfAddress){
-                flowStepList.add(FlowStep.PROOF_OF_ADDRESS);
-            }
-
             final FlowStep[] flowStepsWithOptions = flowStepList.toArray(new FlowStep[0]);
-
             return flowStepsWithOptions;
         } catch (final Exception e) {
             e.printStackTrace();
```


Cannot apply hunk 13 for file node_modules/@onfido/react-native-sdk/android/src/main/java/com/onfido/reactnative/sdk/OnfidoSdkModule.java
```diff
@@ -3,14 +3,13 @@ package com.onfido.reactnative.sdk;
 import android.annotation.SuppressLint;
 import android.app.Activity;
 
-import com.facebook.react.bridge.NoSuchKeyException;
 import com.facebook.react.bridge.Promise;
 import com.facebook.react.bridge.ReactApplicationContext;
 import com.facebook.react.bridge.ReactContextBaseJavaModule;
 import com.facebook.react.bridge.ReactMethod;
 import com.facebook.react.bridge.ReadableArray;
 import com.facebook.react.bridge.ReadableMap;
-import com.facebook.react.bridge.UnexpectedNativeTypeException;
+import com.facebook.react.module.annotations.ReactModule;
 import com.facebook.react.bridge.WritableMap;
 import com.facebook.react.modules.core.DeviceEventManagerModule;
 import com.onfido.android.sdk.capture.DocumentType;
@@ -23,7 +22,6 @@ import com.onfido.android.sdk.capture.errors.EnterpriseFeatureNotEnabledExceptio
 import com.onfido.android.sdk.capture.errors.EnterpriseFeaturesInvalidLogoCobrandingException;
 import com.onfido.android.sdk.capture.ui.camera.face.FaceCaptureStep;
 import com.onfido.android.sdk.capture.ui.camera.face.FaceCaptureVariantPhoto;
-import com.onfido.android.sdk.capture.ui.camera.face.FaceCaptureVariantVideo;
 import com.onfido.android.sdk.capture.ui.camera.face.stepbuilder.FaceCaptureStepBuilder;
 import com.onfido.android.sdk.capture.ui.camera.face.stepbuilder.PhotoCaptureStepBuilder;
 import com.onfido.android.sdk.capture.ui.camera.face.stepbuilder.VideoCaptureStepBuilder;
@@ -43,7 +41,10 @@ enum CallbackType {
     MEDIA
 }
 
-public class OnfidoSdkModule extends ReactContextBaseJavaModule {
+@ReactModule(name = OnfidoSdkModule.NAME)
+public class OnfidoSdkModule extends NativeOnfidoModuleSpec {
+
+    public static final String NAME = "RNOnfidoSdk";
 
     /* package */ final Onfido client;
     private Promise currentPromise = null;
@@ -70,7 +71,7 @@ public class OnfidoSdkModule extends ReactContextBaseJavaModule {
 
     @Override
     public String getName() {
-        return "OnfidoSdk";
+        return NAME;
     }
 
     /**
@@ -81,6 +82,7 @@ public class OnfidoSdkModule extends ReactContextBaseJavaModule {
     }
 
     @ReactMethod
+    @Override
     public void start(final ReadableMap config, final Promise promise) {
 
         setPromise(promise);
@@ -147,7 +149,7 @@ public class OnfidoSdkModule extends ReactContextBaseJavaModule {
         }
 
         OnfidoTheme onfidoTheme = getThemeFromConfig(config);
-        if(onfidoTheme != null){
+        if (onfidoTheme != null) {
             onfidoConfigBuilder.withTheme(onfidoTheme);
         }
 
@@ -184,7 +186,7 @@ public class OnfidoSdkModule extends ReactContextBaseJavaModule {
         }
 
         OnfidoTheme onfidoTheme = getThemeFromConfig(config);
-        if(onfidoTheme != null){
+        if (onfidoTheme != null) {
             onfidoConfigBuilder.withTheme(onfidoTheme);
         }
 
@@ -237,9 +239,9 @@ public class OnfidoSdkModule extends ReactContextBaseJavaModule {
         return config.hasKey(key) ? config.getString(key) : "";
     }
 
-    public static OnfidoTheme getThemeFromConfig(final ReadableMap config) throws Exception{
+    public static OnfidoTheme getThemeFromConfig(final ReadableMap config) throws Exception {
         String themeString = config.getString("theme");
-        if(themeString == null){
+        if (themeString == null) {
             return null;
         }
         OnfidoTheme onfidoTheme;
@@ -252,12 +254,18 @@ public class OnfidoSdkModule extends ReactContextBaseJavaModule {
         return onfidoTheme;
     }
 
+    /*
+        (!) Please note that flow steps must be presented in a specific order, one which is also
+        implemented in the native SDKs, as well as in the iOS RN SDK.
+
+        As per the Product indications in https://onfido.atlassian.net/browse/SDK-2390, this order
+        should be: Welcome->Doc->POA->Bio
+     */
     public static FlowStep[] getFlowStepsFromConfig(
             final ReadableMap config,
             OnfidoConfig.Builder configBuilder
     ) throws Exception {
         try {
-
             final ReadableMap flowSteps = config.getMap("flowSteps");
 
             final boolean welcomePageIsIncluded;
@@ -268,11 +276,12 @@ public class OnfidoSdkModule extends ReactContextBaseJavaModule {
             }
 
             final boolean proofOfAddress;
-            if(flowSteps.hasKey("proofOfAddress")){
+            if (flowSteps.hasKey("proofOfAddress")) {
                 proofOfAddress = flowSteps.getBoolean("proofOfAddress");
-            }else{
+            } else {
                 proofOfAddress = false;
             }
+
             final List<FlowStep> flowStepList = new ArrayList<>();
 
             if (welcomePageIsIncluded) {
@@ -283,6 +292,10 @@ public class OnfidoSdkModule extends ReactContextBaseJavaModule {
                 extractCaptureDocumentStep(flowSteps, flowStepList, configBuilder);
             }
 
+            if (proofOfAddress) {
+                flowStepList.add(FlowStep.PROOF_OF_ADDRESS);
+            }
+
             final boolean captureFaceEnabled = flowSteps.hasKey("captureFace");
             final ReadableMap captureFace = captureFaceEnabled ? flowSteps.getMap("captureFace") : null;
 
@@ -301,7 +314,7 @@ public class OnfidoSdkModule extends ReactContextBaseJavaModule {
                             flowStepList.add(faceStepFromMotionDefinition(captureFace));
                             break;
                         default:
-                            throw new Exception("Invalid face capture type.  \"type\" must be VIDEO or PHOTO.");
+                            throw new Exception("Invalid face capture type. \"type\" must be VIDEO or PHOTO.");
                     }
                 } else {
                     // Default face capture type is photo.
@@ -309,12 +322,7 @@ public class OnfidoSdkModule extends ReactContextBaseJavaModule {
                 }
             }
 
-            if(proofOfAddress){
-                flowStepList.add(FlowStep.PROOF_OF_ADDRESS);
-            }
-
             final FlowStep[] flowStepsWithOptions = flowStepList.toArray(new FlowStep[0]);
-
             return flowStepsWithOptions;
         } catch (final Exception e) {
             e.printStackTrace();
@@ -328,29 +336,10 @@ public class OnfidoSdkModule extends ReactContextBaseJavaModule {
             List<FlowStep> flowStepList,
             OnfidoConfig.Builder configBuilder
     ) throws Exception {
-        ReadableMap captureDocument = null;
-        Boolean captureDocumentBoolean = null;
-
-        // ReadableMap does not have a way to get multi-typed values without throwing exceptions.
-        try {
-            captureDocumentBoolean = flowSteps.getBoolean("captureDocument");
-        } catch (final NoSuchKeyException |
-                       ClassCastException |
-                       UnexpectedNativeTypeException notFoundException) {
-            captureDocument = flowSteps.getMap("captureDocument");
-        }
-
-        if (captureDocumentBoolean != null) {
-            if (captureDocumentBoolean) {
-                flowStepList.add(FlowStep.CAPTURE_DOCUMENT);
-            }
-            return;
-        }
-
+        ReadableMap captureDocument = flowSteps.getMap("captureDocument");
         if (captureDocument == null) {
             return;
         }
-
         extractDocumentCaptureDetails(captureDocument, flowStepList, configBuilder);
     }
 
```


Cannot apply hunk 14 for file node_modules/@onfido/react-native-sdk/android/src/main/java/com/onfido/reactnative/sdk/OnfidoSdkModule.java
```diff
@@ -3,14 +3,13 @@ package com.onfido.reactnative.sdk;
 import android.annotation.SuppressLint;
 import android.app.Activity;
 
-import com.facebook.react.bridge.NoSuchKeyException;
 import com.facebook.react.bridge.Promise;
 import com.facebook.react.bridge.ReactApplicationContext;
 import com.facebook.react.bridge.ReactContextBaseJavaModule;
 import com.facebook.react.bridge.ReactMethod;
 import com.facebook.react.bridge.ReadableArray;
 import com.facebook.react.bridge.ReadableMap;
-import com.facebook.react.bridge.UnexpectedNativeTypeException;
+import com.facebook.react.module.annotations.ReactModule;
 import com.facebook.react.bridge.WritableMap;
 import com.facebook.react.modules.core.DeviceEventManagerModule;
 import com.onfido.android.sdk.capture.DocumentType;
@@ -23,7 +22,6 @@ import com.onfido.android.sdk.capture.errors.EnterpriseFeatureNotEnabledExceptio
 import com.onfido.android.sdk.capture.errors.EnterpriseFeaturesInvalidLogoCobrandingException;
 import com.onfido.android.sdk.capture.ui.camera.face.FaceCaptureStep;
 import com.onfido.android.sdk.capture.ui.camera.face.FaceCaptureVariantPhoto;
-import com.onfido.android.sdk.capture.ui.camera.face.FaceCaptureVariantVideo;
 import com.onfido.android.sdk.capture.ui.camera.face.stepbuilder.FaceCaptureStepBuilder;
 import com.onfido.android.sdk.capture.ui.camera.face.stepbuilder.PhotoCaptureStepBuilder;
 import com.onfido.android.sdk.capture.ui.camera.face.stepbuilder.VideoCaptureStepBuilder;
@@ -43,7 +41,10 @@ enum CallbackType {
     MEDIA
 }
 
-public class OnfidoSdkModule extends ReactContextBaseJavaModule {
+@ReactModule(name = OnfidoSdkModule.NAME)
+public class OnfidoSdkModule extends NativeOnfidoModuleSpec {
+
+    public static final String NAME = "RNOnfidoSdk";
 
     /* package */ final Onfido client;
     private Promise currentPromise = null;
@@ -70,7 +71,7 @@ public class OnfidoSdkModule extends ReactContextBaseJavaModule {
 
     @Override
     public String getName() {
-        return "OnfidoSdk";
+        return NAME;
     }
 
     /**
@@ -81,6 +82,7 @@ public class OnfidoSdkModule extends ReactContextBaseJavaModule {
     }
 
     @ReactMethod
+    @Override
     public void start(final ReadableMap config, final Promise promise) {
 
         setPromise(promise);
@@ -147,7 +149,7 @@ public class OnfidoSdkModule extends ReactContextBaseJavaModule {
         }
 
         OnfidoTheme onfidoTheme = getThemeFromConfig(config);
-        if(onfidoTheme != null){
+        if (onfidoTheme != null) {
             onfidoConfigBuilder.withTheme(onfidoTheme);
         }
 
@@ -184,7 +186,7 @@ public class OnfidoSdkModule extends ReactContextBaseJavaModule {
         }
 
         OnfidoTheme onfidoTheme = getThemeFromConfig(config);
-        if(onfidoTheme != null){
+        if (onfidoTheme != null) {
             onfidoConfigBuilder.withTheme(onfidoTheme);
         }
 
@@ -237,9 +239,9 @@ public class OnfidoSdkModule extends ReactContextBaseJavaModule {
         return config.hasKey(key) ? config.getString(key) : "";
     }
 
-    public static OnfidoTheme getThemeFromConfig(final ReadableMap config) throws Exception{
+    public static OnfidoTheme getThemeFromConfig(final ReadableMap config) throws Exception {
         String themeString = config.getString("theme");
-        if(themeString == null){
+        if (themeString == null) {
             return null;
         }
         OnfidoTheme onfidoTheme;
@@ -252,12 +254,18 @@ public class OnfidoSdkModule extends ReactContextBaseJavaModule {
         return onfidoTheme;
     }
 
+    /*
+        (!) Please note that flow steps must be presented in a specific order, one which is also
+        implemented in the native SDKs, as well as in the iOS RN SDK.
+
+        As per the Product indications in https://onfido.atlassian.net/browse/SDK-2390, this order
+        should be: Welcome->Doc->POA->Bio
+     */
     public static FlowStep[] getFlowStepsFromConfig(
             final ReadableMap config,
             OnfidoConfig.Builder configBuilder
     ) throws Exception {
         try {
-
             final ReadableMap flowSteps = config.getMap("flowSteps");
 
             final boolean welcomePageIsIncluded;
@@ -268,11 +276,12 @@ public class OnfidoSdkModule extends ReactContextBaseJavaModule {
             }
 
             final boolean proofOfAddress;
-            if(flowSteps.hasKey("proofOfAddress")){
+            if (flowSteps.hasKey("proofOfAddress")) {
                 proofOfAddress = flowSteps.getBoolean("proofOfAddress");
-            }else{
+            } else {
                 proofOfAddress = false;
             }
+
             final List<FlowStep> flowStepList = new ArrayList<>();
 
             if (welcomePageIsIncluded) {
@@ -283,6 +292,10 @@ public class OnfidoSdkModule extends ReactContextBaseJavaModule {
                 extractCaptureDocumentStep(flowSteps, flowStepList, configBuilder);
             }
 
+            if (proofOfAddress) {
+                flowStepList.add(FlowStep.PROOF_OF_ADDRESS);
+            }
+
             final boolean captureFaceEnabled = flowSteps.hasKey("captureFace");
             final ReadableMap captureFace = captureFaceEnabled ? flowSteps.getMap("captureFace") : null;
 
@@ -301,7 +314,7 @@ public class OnfidoSdkModule extends ReactContextBaseJavaModule {
                             flowStepList.add(faceStepFromMotionDefinition(captureFace));
                             break;
                         default:
-                            throw new Exception("Invalid face capture type.  \"type\" must be VIDEO or PHOTO.");
+                            throw new Exception("Invalid face capture type. \"type\" must be VIDEO or PHOTO.");
                     }
                 } else {
                     // Default face capture type is photo.
@@ -309,12 +322,7 @@ public class OnfidoSdkModule extends ReactContextBaseJavaModule {
                 }
             }
 
-            if(proofOfAddress){
-                flowStepList.add(FlowStep.PROOF_OF_ADDRESS);
-            }
-
             final FlowStep[] flowStepsWithOptions = flowStepList.toArray(new FlowStep[0]);
-
             return flowStepsWithOptions;
         } catch (final Exception e) {
             e.printStackTrace();
@@ -328,29 +336,10 @@ public class OnfidoSdkModule extends ReactContextBaseJavaModule {
             List<FlowStep> flowStepList,
             OnfidoConfig.Builder configBuilder
     ) throws Exception {
-        ReadableMap captureDocument = null;
-        Boolean captureDocumentBoolean = null;
-
-        // ReadableMap does not have a way to get multi-typed values without throwing exceptions.
-        try {
-            captureDocumentBoolean = flowSteps.getBoolean("captureDocument");
-        } catch (final NoSuchKeyException |
-                       ClassCastException |
-                       UnexpectedNativeTypeException notFoundException) {
-            captureDocument = flowSteps.getMap("captureDocument");
-        }
-
-        if (captureDocumentBoolean != null) {
-            if (captureDocumentBoolean) {
-                flowStepList.add(FlowStep.CAPTURE_DOCUMENT);
-            }
-            return;
-        }
-
+        ReadableMap captureDocument = flowSteps.getMap("captureDocument");
         if (captureDocument == null) {
             return;
         }
-
         extractDocumentCaptureDetails(captureDocument, flowStepList, configBuilder);
     }
 
@@ -361,35 +350,46 @@ public class OnfidoSdkModule extends ReactContextBaseJavaModule {
     ) throws Exception {
         final boolean docTypeExists = captureDocument.hasKey("docType");
         final boolean countryCodeExists = captureDocument.hasKey("alpha2CountryCode");
-        final boolean allowedDocumentTypes = captureDocument.hasKey("allowedDocumentTypes");
+        final boolean withAllowedDocumentTypes = captureDocument.hasKey("allowedDocumentTypes");
 
-        if (allowedDocumentTypes && countryCodeExists && docTypeExists) {
+        // Validation: incorrect config - 2 filtering ways provided
+        if (withAllowedDocumentTypes && countryCodeExists && docTypeExists) {
             throw new IllegalArgumentException("We can either filter the documents on DocumentSelection screen, or skip the selection and go directly to capture");
         }
 
-        if (!docTypeExists && !countryCodeExists && !allowedDocumentTypes) {
+        // Case 1: no filtering provided => showing general Doc Capture
+        if (!docTypeExists && !countryCodeExists && !withAllowedDocumentTypes) {
             flowStepList.add(FlowStep.CAPTURE_DOCUMENT);
             return;
         }
 
+        // Case 2: filtering for one document, one country
         if (docTypeExists && countryCodeExists) {
             extractDocTypeAndCountryForCaptureStep(captureDocument, flowStepList);
             return;
         }
-        if (allowedDocumentTypes) {
+
+        // Case 3: filtering for multiple documents
+        if (withAllowedDocumentTypes) {
             extractAllowedDocumentTypes(captureDocument, configBuilder);
+            flowStepList.add(FlowStep.CAPTURE_DOCUMENT);
             return;
         }
 
         throw new Exception("For countryCode and docType: both must be specified, or both must be omitted.");
     }
 
-    private static void extractAllowedDocumentTypes(ReadableMap captureDocument, OnfidoConfig.Builder configBuilder) {
-        ReadableArray array = captureDocument.getArray("allowedDocumentTypes");
+    private static void extractAllowedDocumentTypes(
+            ReadableMap captureDocument,
+            OnfidoConfig.Builder configBuilder
+    ) {
+        ReadableArray documentTypes = captureDocument.getArray("allowedDocumentTypes");
         ArrayList<DocumentType> types = new ArrayList<>();
 
-        for (int i = 0; i < array.size(); i++) {
-            types.add(DocumentType.valueOf(array.getString(i)));
+        if (documentTypes != null) {
+            for (int i = 0; i < documentTypes.size(); i++) {
+                types.add(DocumentType.valueOf(documentTypes.getString(i)));
+            }
         }
         configBuilder.withAllowedDocumentTypes(types);
     }
```


Cannot apply hunk 15 for file node_modules/@onfido/react-native-sdk/android/src/main/java/com/onfido/reactnative/sdk/OnfidoSdkModule.java
```diff
@@ -3,14 +3,13 @@ package com.onfido.reactnative.sdk;
 import android.annotation.SuppressLint;
 import android.app.Activity;
 
-import com.facebook.react.bridge.NoSuchKeyException;
 import com.facebook.react.bridge.Promise;
 import com.facebook.react.bridge.ReactApplicationContext;
 import com.facebook.react.bridge.ReactContextBaseJavaModule;
 import com.facebook.react.bridge.ReactMethod;
 import com.facebook.react.bridge.ReadableArray;
 import com.facebook.react.bridge.ReadableMap;
-import com.facebook.react.bridge.UnexpectedNativeTypeException;
+import com.facebook.react.module.annotations.ReactModule;
 import com.facebook.react.bridge.WritableMap;
 import com.facebook.react.modules.core.DeviceEventManagerModule;
 import com.onfido.android.sdk.capture.DocumentType;
@@ -23,7 +22,6 @@ import com.onfido.android.sdk.capture.errors.EnterpriseFeatureNotEnabledExceptio
 import com.onfido.android.sdk.capture.errors.EnterpriseFeaturesInvalidLogoCobrandingException;
 import com.onfido.android.sdk.capture.ui.camera.face.FaceCaptureStep;
 import com.onfido.android.sdk.capture.ui.camera.face.FaceCaptureVariantPhoto;
-import com.onfido.android.sdk.capture.ui.camera.face.FaceCaptureVariantVideo;
 import com.onfido.android.sdk.capture.ui.camera.face.stepbuilder.FaceCaptureStepBuilder;
 import com.onfido.android.sdk.capture.ui.camera.face.stepbuilder.PhotoCaptureStepBuilder;
 import com.onfido.android.sdk.capture.ui.camera.face.stepbuilder.VideoCaptureStepBuilder;
@@ -43,7 +41,10 @@ enum CallbackType {
     MEDIA
 }
 
-public class OnfidoSdkModule extends ReactContextBaseJavaModule {
+@ReactModule(name = OnfidoSdkModule.NAME)
+public class OnfidoSdkModule extends NativeOnfidoModuleSpec {
+
+    public static final String NAME = "RNOnfidoSdk";
 
     /* package */ final Onfido client;
     private Promise currentPromise = null;
@@ -70,7 +71,7 @@ public class OnfidoSdkModule extends ReactContextBaseJavaModule {
 
     @Override
     public String getName() {
-        return "OnfidoSdk";
+        return NAME;
     }
 
     /**
@@ -81,6 +82,7 @@ public class OnfidoSdkModule extends ReactContextBaseJavaModule {
     }
 
     @ReactMethod
+    @Override
     public void start(final ReadableMap config, final Promise promise) {
 
         setPromise(promise);
@@ -147,7 +149,7 @@ public class OnfidoSdkModule extends ReactContextBaseJavaModule {
         }
 
         OnfidoTheme onfidoTheme = getThemeFromConfig(config);
-        if(onfidoTheme != null){
+        if (onfidoTheme != null) {
             onfidoConfigBuilder.withTheme(onfidoTheme);
         }
 
@@ -184,7 +186,7 @@ public class OnfidoSdkModule extends ReactContextBaseJavaModule {
         }
 
         OnfidoTheme onfidoTheme = getThemeFromConfig(config);
-        if(onfidoTheme != null){
+        if (onfidoTheme != null) {
             onfidoConfigBuilder.withTheme(onfidoTheme);
         }
 
@@ -237,9 +239,9 @@ public class OnfidoSdkModule extends ReactContextBaseJavaModule {
         return config.hasKey(key) ? config.getString(key) : "";
     }
 
-    public static OnfidoTheme getThemeFromConfig(final ReadableMap config) throws Exception{
+    public static OnfidoTheme getThemeFromConfig(final ReadableMap config) throws Exception {
         String themeString = config.getString("theme");
-        if(themeString == null){
+        if (themeString == null) {
             return null;
         }
         OnfidoTheme onfidoTheme;
@@ -252,12 +254,18 @@ public class OnfidoSdkModule extends ReactContextBaseJavaModule {
         return onfidoTheme;
     }
 
+    /*
+        (!) Please note that flow steps must be presented in a specific order, one which is also
+        implemented in the native SDKs, as well as in the iOS RN SDK.
+
+        As per the Product indications in https://onfido.atlassian.net/browse/SDK-2390, this order
+        should be: Welcome->Doc->POA->Bio
+     */
     public static FlowStep[] getFlowStepsFromConfig(
             final ReadableMap config,
             OnfidoConfig.Builder configBuilder
     ) throws Exception {
         try {
-
             final ReadableMap flowSteps = config.getMap("flowSteps");
 
             final boolean welcomePageIsIncluded;
@@ -268,11 +276,12 @@ public class OnfidoSdkModule extends ReactContextBaseJavaModule {
             }
 
             final boolean proofOfAddress;
-            if(flowSteps.hasKey("proofOfAddress")){
+            if (flowSteps.hasKey("proofOfAddress")) {
                 proofOfAddress = flowSteps.getBoolean("proofOfAddress");
-            }else{
+            } else {
                 proofOfAddress = false;
             }
+
             final List<FlowStep> flowStepList = new ArrayList<>();
 
             if (welcomePageIsIncluded) {
@@ -283,6 +292,10 @@ public class OnfidoSdkModule extends ReactContextBaseJavaModule {
                 extractCaptureDocumentStep(flowSteps, flowStepList, configBuilder);
             }
 
+            if (proofOfAddress) {
+                flowStepList.add(FlowStep.PROOF_OF_ADDRESS);
+            }
+
             final boolean captureFaceEnabled = flowSteps.hasKey("captureFace");
             final ReadableMap captureFace = captureFaceEnabled ? flowSteps.getMap("captureFace") : null;
 
@@ -301,7 +314,7 @@ public class OnfidoSdkModule extends ReactContextBaseJavaModule {
                             flowStepList.add(faceStepFromMotionDefinition(captureFace));
                             break;
                         default:
-                            throw new Exception("Invalid face capture type.  \"type\" must be VIDEO or PHOTO.");
+                            throw new Exception("Invalid face capture type. \"type\" must be VIDEO or PHOTO.");
                     }
                 } else {
                     // Default face capture type is photo.
@@ -309,12 +322,7 @@ public class OnfidoSdkModule extends ReactContextBaseJavaModule {
                 }
             }
 
-            if(proofOfAddress){
-                flowStepList.add(FlowStep.PROOF_OF_ADDRESS);
-            }
-
             final FlowStep[] flowStepsWithOptions = flowStepList.toArray(new FlowStep[0]);
-
             return flowStepsWithOptions;
         } catch (final Exception e) {
             e.printStackTrace();
@@ -328,29 +336,10 @@ public class OnfidoSdkModule extends ReactContextBaseJavaModule {
             List<FlowStep> flowStepList,
             OnfidoConfig.Builder configBuilder
     ) throws Exception {
-        ReadableMap captureDocument = null;
-        Boolean captureDocumentBoolean = null;
-
-        // ReadableMap does not have a way to get multi-typed values without throwing exceptions.
-        try {
-            captureDocumentBoolean = flowSteps.getBoolean("captureDocument");
-        } catch (final NoSuchKeyException |
-                       ClassCastException |
-                       UnexpectedNativeTypeException notFoundException) {
-            captureDocument = flowSteps.getMap("captureDocument");
-        }
-
-        if (captureDocumentBoolean != null) {
-            if (captureDocumentBoolean) {
-                flowStepList.add(FlowStep.CAPTURE_DOCUMENT);
-            }
-            return;
-        }
-
+        ReadableMap captureDocument = flowSteps.getMap("captureDocument");
         if (captureDocument == null) {
             return;
         }
-
         extractDocumentCaptureDetails(captureDocument, flowStepList, configBuilder);
     }
 
@@ -361,35 +350,46 @@ public class OnfidoSdkModule extends ReactContextBaseJavaModule {
     ) throws Exception {
         final boolean docTypeExists = captureDocument.hasKey("docType");
         final boolean countryCodeExists = captureDocument.hasKey("alpha2CountryCode");
-        final boolean allowedDocumentTypes = captureDocument.hasKey("allowedDocumentTypes");
+        final boolean withAllowedDocumentTypes = captureDocument.hasKey("allowedDocumentTypes");
 
-        if (allowedDocumentTypes && countryCodeExists && docTypeExists) {
+        // Validation: incorrect config - 2 filtering ways provided
+        if (withAllowedDocumentTypes && countryCodeExists && docTypeExists) {
             throw new IllegalArgumentException("We can either filter the documents on DocumentSelection screen, or skip the selection and go directly to capture");
         }
 
-        if (!docTypeExists && !countryCodeExists && !allowedDocumentTypes) {
+        // Case 1: no filtering provided => showing general Doc Capture
+        if (!docTypeExists && !countryCodeExists && !withAllowedDocumentTypes) {
             flowStepList.add(FlowStep.CAPTURE_DOCUMENT);
             return;
         }
 
+        // Case 2: filtering for one document, one country
         if (docTypeExists && countryCodeExists) {
             extractDocTypeAndCountryForCaptureStep(captureDocument, flowStepList);
             return;
         }
-        if (allowedDocumentTypes) {
+
+        // Case 3: filtering for multiple documents
+        if (withAllowedDocumentTypes) {
             extractAllowedDocumentTypes(captureDocument, configBuilder);
+            flowStepList.add(FlowStep.CAPTURE_DOCUMENT);
             return;
         }
 
         throw new Exception("For countryCode and docType: both must be specified, or both must be omitted.");
     }
 
-    private static void extractAllowedDocumentTypes(ReadableMap captureDocument, OnfidoConfig.Builder configBuilder) {
-        ReadableArray array = captureDocument.getArray("allowedDocumentTypes");
+    private static void extractAllowedDocumentTypes(
+            ReadableMap captureDocument,
+            OnfidoConfig.Builder configBuilder
+    ) {
+        ReadableArray documentTypes = captureDocument.getArray("allowedDocumentTypes");
         ArrayList<DocumentType> types = new ArrayList<>();
 
-        for (int i = 0; i < array.size(); i++) {
-            types.add(DocumentType.valueOf(array.getString(i)));
+        if (documentTypes != null) {
+            for (int i = 0; i < documentTypes.size(); i++) {
+                types.add(DocumentType.valueOf(documentTypes.getString(i)));
+            }
         }
         configBuilder.withAllowedDocumentTypes(types);
     }
@@ -487,14 +487,14 @@ public class OnfidoSdkModule extends ReactContextBaseJavaModule {
     }
 
     @ReactMethod
-    public void removeListeners(int type) {
+    public void removeListeners(double type) {
         // Keep: Required for RN build in the Event Emitter Calls
     }
 
     private void sendEvent(String name, WritableMap map) {
         getReactApplicationContext()
-            .getJSModule(DeviceEventManagerModule.RCTDeviceEventEmitter.class)
-            .emit(name, map);
+                .getJSModule(DeviceEventManagerModule.RCTDeviceEventEmitter.class)
+                .emit(name, map);
     }
 
     //region Media
```


Cannot apply hunk 0 for file node_modules/@onfido/react-native-sdk/android/src/main/java/com/onfido/reactnative/sdk/OnfidoSdkPackage.java
```diff
@@ -1,23 +1,90 @@
 package com.onfido.reactnative.sdk;
 
+import androidx.annotation.Nullable;
+
 import java.util.Arrays;
 import java.util.Collections;
+import java.util.HashMap;
 import java.util.List;
+import java.util.Map;
 
-import com.facebook.react.ReactPackage;
+import com.facebook.react.TurboReactPackage;
 import com.facebook.react.bridge.NativeModule;
 import com.facebook.react.bridge.ReactApplicationContext;
+import com.facebook.react.module.annotations.ReactModule;
+import com.facebook.react.module.annotations.ReactModuleList;
+import com.facebook.react.module.model.ReactModuleInfo;
+import com.facebook.react.module.model.ReactModuleInfoProvider;
+import com.facebook.react.turbomodule.core.interfaces.TurboModule;
 import com.facebook.react.uimanager.ViewManager;
-import com.facebook.react.bridge.JavaScriptModule;
 
-public class OnfidoSdkPackage implements ReactPackage {
+@ReactModuleList(
+        nativeModules = {
+                OnfidoSdkModule.class
+        }
+)
+public class OnfidoSdkPackage extends TurboReactPackage {
     @Override
     public List<NativeModule> createNativeModules(ReactApplicationContext reactContext) {
         return Arrays.<NativeModule>asList(new OnfidoSdkModule(reactContext));
     }
 
+    @Nullable
+    @Override
+    public NativeModule getModule(String name, ReactApplicationContext reactApplicationContext) {
+        switch (name) {
+            case OnfidoSdkModule.NAME:
+                return new OnfidoSdkModule(reactApplicationContext);
+            default:
+                return null;
+        }
+    }
+
     @Override
     public List<ViewManager> createViewManagers(ReactApplicationContext reactContext) {
         return Collections.emptyList();
     }
+
+    @Override
+    public ReactModuleInfoProvider getReactModuleInfoProvider() {
+        try {
+            Class<?> reactModuleInfoProviderClass =
+                    Class.forName("com.onfido.reactnative.sdk.OnfidoSdkPackage$$ReactModuleInfoProvider");
+            return (ReactModuleInfoProvider) reactModuleInfoProviderClass.newInstance();
+        } catch (ClassNotFoundException e) {
+            // ReactModuleSpecProcessor does not run at build-time. Create this ReactModuleInfoProvider by
+            // hand.
+            return new ReactModuleInfoProvider() {
+                @Override
+                public Map<String, ReactModuleInfo> getReactModuleInfos() {
+                    final Map<String, ReactModuleInfo> reactModuleInfoMap = new HashMap<>();
+
+                    Class<? extends NativeModule>[] moduleList =
+                            new Class[] {
+                                    OnfidoSdkModule.class,
+                            };
+
+                    for (Class<? extends NativeModule> moduleClass : moduleList) {
+                        ReactModule reactModule = moduleClass.getAnnotation(ReactModule.class);
+
+                        reactModuleInfoMap.put(
+                                reactModule.name(),
+                                new ReactModuleInfo(
+                                        reactModule.name(),
+                                        moduleClass.getName(),
+                                        reactModule.canOverrideExistingModule(),
+                                        reactModule.needsEagerInit(),
+                                        reactModule.hasConstants(),
+                                        reactModule.isCxxModule(),
+                                        TurboModule.class.isAssignableFrom(moduleClass)));
+                    }
+
+                    return reactModuleInfoMap;
+                }
+            };
+        } catch (InstantiationException | IllegalAccessException e) {
+            throw new RuntimeException(
+                    "No ReactModuleInfoProvider for com.onfido.reactnative.sdk.OnfidoSdkPackage$$ReactModuleInfoProvider", e);
+        }
+    }
 }
```


Cannot apply hunk 0 for file node_modules/@onfido/react-native-sdk/ios/OnfidoSdk-Bridging-Header.h
```diff
@@ -3,4 +3,4 @@
 //
 
 #import <React/RCTBridgeModule.h>
-#import <React/RCTEventEmitter.h>
+#import "PluginMetadata.h"
```


Failed to delete file node_modules/@onfido/react-native-sdk/ios/OnfidoSdk.m

Cannot apply hunk 0 for file node_modules/@onfido/react-native-sdk/ios/OnfidoSdk.swift
```diff
@@ -14,24 +14,31 @@ private enum CallbackType {
 }
 
 @objc(OnfidoSdk)
-final class OnfidoSdk: RCTEventEmitter {
+public final class OnfidoSdk: NSObject {
 
     private let onfidoFlowBuilder = OnfidoFlowBuilder()
     private let configParser = OnfidoConfigParser()
     private var callbackTypes: [CallbackType] = []
     
     @objc
-    func start(_ config: NSDictionary,
-                     resolver resolve: @escaping RCTPromiseResolveBlock,
-                     rejecter reject: @escaping RCTPromiseRejectBlock) {
+    public var mediaCallbackHandler: (([String: Any]) -> Void)?
+
+    // TODO: Using React types here (RCTPromiseResolveBlock and RCTPromiseRejectBlock) causes the project to fail to build.
+    // For some reason marking them as @escaping causes the XCode to add an import to non-existent header file in onfido_react_native_sdk-Swift.h.
+    @objc
+    public func start(_ config: NSDictionary,
+                     resolver resolve: @escaping (Any) -> Void,
+                     rejecter reject: @escaping (String, String, Error?) -> Void) -> Void {
         DispatchQueue.main.async { [weak self] in
             self?.run(withConfig: config, resolver: resolve, rejecter: reject)
         }
     }
 
+    // TODO: Same as above
     private func run(withConfig config: NSDictionary,
-                     resolver resolve: @escaping RCTPromiseResolveBlock,
-                     rejecter reject: @escaping RCTPromiseRejectBlock) {
+                     resolver resolve: @escaping (Any) -> Void,
+                     rejecter reject: @escaping (String, String, Error?) -> Void) {
+
         do {
             let onfidoConfig: OnfidoPluginConfig = try configParser.parse(config)
 
```


Cannot apply hunk 1 for file node_modules/@onfido/react-native-sdk/ios/OnfidoSdk.swift
```diff
@@ -14,24 +14,31 @@ private enum CallbackType {
 }
 
 @objc(OnfidoSdk)
-final class OnfidoSdk: RCTEventEmitter {
+public final class OnfidoSdk: NSObject {
 
     private let onfidoFlowBuilder = OnfidoFlowBuilder()
     private let configParser = OnfidoConfigParser()
     private var callbackTypes: [CallbackType] = []
     
     @objc
-    func start(_ config: NSDictionary,
-                     resolver resolve: @escaping RCTPromiseResolveBlock,
-                     rejecter reject: @escaping RCTPromiseRejectBlock) {
+    public var mediaCallbackHandler: (([String: Any]) -> Void)?
+
+    // TODO: Using React types here (RCTPromiseResolveBlock and RCTPromiseRejectBlock) causes the project to fail to build.
+    // For some reason marking them as @escaping causes the XCode to add an import to non-existent header file in onfido_react_native_sdk-Swift.h.
+    @objc
+    public func start(_ config: NSDictionary,
+                     resolver resolve: @escaping (Any) -> Void,
+                     rejecter reject: @escaping (String, String, Error?) -> Void) -> Void {
         DispatchQueue.main.async { [weak self] in
             self?.run(withConfig: config, resolver: resolve, rejecter: reject)
         }
     }
 
+    // TODO: Same as above
     private func run(withConfig config: NSDictionary,
-                     resolver resolve: @escaping RCTPromiseResolveBlock,
-                     rejecter reject: @escaping RCTPromiseRejectBlock) {
+                     resolver resolve: @escaping (Any) -> Void,
+                     rejecter reject: @escaping (String, String, Error?) -> Void) {
+
         do {
             let onfidoConfig: OnfidoPluginConfig = try configParser.parse(config)
 
@@ -90,27 +97,17 @@ final class OnfidoSdk: RCTEventEmitter {
         }
     }
 
-    // MARK: - Callbacks
-
-    @objc
-    public override func supportedEvents() -> [String] {
-        return ["onfidoMediaCallback"]
-    }
-
-    @objc
-    override static func requiresMainQueueSetup() -> Bool {
-        return false
-    }
-
     // MARK: Media
 
     @objc
-    func withMediaCallbacksEnabled() {
+    public func withMediaCallbacksEnabled() {
         callbackTypes.append(.media)
     }
 
     private func processMediaResult(_ dictionary: [String: Any]) {
-        sendEvent(withName: "onfidoMediaCallback", body: dictionary)
+        if let handler = mediaCallbackHandler {
+            handler(dictionary)
+        }
     }
 }
 
```


Cannot apply hunk 0 for file node_modules/@onfido/react-native-sdk/ios/OnfidoSdk.xcodeproj/project.pbxproj
```diff
@@ -65,6 +65,8 @@
 		8517ACCD244290D10077E909 /* OnfidoSdkTests.swift */ = {isa = PBXFileReference; fileEncoding = 4; lastKnownFileType = sourcecode.swift; path = OnfidoSdkTests.swift; sourceTree = "<group>"; };
 		899A7F1B3979E0BB4044B867 /* libPods-OnfidoSdk-OnfidoSdkTests.a */ = {isa = PBXFileReference; explicitFileType = archive.ar; includeInIndex = 0; path = "libPods-OnfidoSdk-OnfidoSdkTests.a"; sourceTree = BUILT_PRODUCTS_DIR; };
 		8B8E5FE3BDE0C9C96B5FE8AB /* Pods-OnfidoSdk.debug.xcconfig */ = {isa = PBXFileReference; includeInIndex = 1; lastKnownFileType = text.xcconfig; name = "Pods-OnfidoSdk.debug.xcconfig"; path = "Target Support Files/Pods-OnfidoSdk/Pods-OnfidoSdk.debug.xcconfig"; sourceTree = "<group>"; };
+		9B55F4FF2B61451700EC4D80 /* PluginMetadata.m */ = {isa = PBXFileReference; lastKnownFileType = sourcecode.c.objc; path = PluginMetadata.m; sourceTree = "<group>"; };
+		9B55F5002B61451700EC4D80 /* PluginMetadata.h */ = {isa = PBXFileReference; lastKnownFileType = sourcecode.c.h; path = PluginMetadata.h; sourceTree = "<group>"; };
 		9BF206B12A3C839F00766D77 /* CallbackReceiver.swift */ = {isa = PBXFileReference; lastKnownFileType = sourcecode.swift; path = CallbackReceiver.swift; sourceTree = "<group>"; };
 		9BF206B22A3C839F00766D77 /* BridgeUtils.swift */ = {isa = PBXFileReference; lastKnownFileType = sourcecode.swift; path = BridgeUtils.swift; sourceTree = "<group>"; };
 		9BF206B32A3C839F00766D77 /* OnfidoAppearance.swift */ = {isa = PBXFileReference; lastKnownFileType = sourcecode.swift; path = OnfidoAppearance.swift; sourceTree = "<group>"; };
```


Cannot apply hunk 1 for file node_modules/@onfido/react-native-sdk/ios/OnfidoSdk.xcodeproj/project.pbxproj
```diff
@@ -65,6 +65,8 @@
 		8517ACCD244290D10077E909 /* OnfidoSdkTests.swift */ = {isa = PBXFileReference; fileEncoding = 4; lastKnownFileType = sourcecode.swift; path = OnfidoSdkTests.swift; sourceTree = "<group>"; };
 		899A7F1B3979E0BB4044B867 /* libPods-OnfidoSdk-OnfidoSdkTests.a */ = {isa = PBXFileReference; explicitFileType = archive.ar; includeInIndex = 0; path = "libPods-OnfidoSdk-OnfidoSdkTests.a"; sourceTree = BUILT_PRODUCTS_DIR; };
 		8B8E5FE3BDE0C9C96B5FE8AB /* Pods-OnfidoSdk.debug.xcconfig */ = {isa = PBXFileReference; includeInIndex = 1; lastKnownFileType = text.xcconfig; name = "Pods-OnfidoSdk.debug.xcconfig"; path = "Target Support Files/Pods-OnfidoSdk/Pods-OnfidoSdk.debug.xcconfig"; sourceTree = "<group>"; };
+		9B55F4FF2B61451700EC4D80 /* PluginMetadata.m */ = {isa = PBXFileReference; lastKnownFileType = sourcecode.c.objc; path = PluginMetadata.m; sourceTree = "<group>"; };
+		9B55F5002B61451700EC4D80 /* PluginMetadata.h */ = {isa = PBXFileReference; lastKnownFileType = sourcecode.c.h; path = PluginMetadata.h; sourceTree = "<group>"; };
 		9BF206B12A3C839F00766D77 /* CallbackReceiver.swift */ = {isa = PBXFileReference; lastKnownFileType = sourcecode.swift; path = CallbackReceiver.swift; sourceTree = "<group>"; };
 		9BF206B22A3C839F00766D77 /* BridgeUtils.swift */ = {isa = PBXFileReference; lastKnownFileType = sourcecode.swift; path = BridgeUtils.swift; sourceTree = "<group>"; };
 		9BF206B32A3C839F00766D77 /* OnfidoAppearance.swift */ = {isa = PBXFileReference; lastKnownFileType = sourcecode.swift; path = OnfidoAppearance.swift; sourceTree = "<group>"; };
@@ -138,6 +140,8 @@
 				3AFE501B2408521F00E21479 /* OnfidoSdk-Bridging-Header.h */,
 				B3E7B5881CC2AC0600A0062D /* OnfidoSdk.h */,
 				B3E7B5891CC2AC0600A0062D /* OnfidoSdk.m */,
+				9B55F5002B61451700EC4D80 /* PluginMetadata.h */,
+				9B55F4FF2B61451700EC4D80 /* PluginMetadata.m */,
 				3A9D42CA2412EEF50087A331 /* OnfidoSdkTests */,
 				134814211AA4EA7D00B7C361 /* Products */,
 				4A3724A27399FEFCC7B1F920 /* Pods */,
```


Failed to delete file node_modules/@onfido/react-native-sdk/ios/PluginMetadata.swift

Cannot apply hunk 0 for file node_modules/@onfido/react-native-sdk/ios/Podfile
```diff
@@ -27,7 +27,7 @@ flipper_config = ENV['NO_FLIPPER'] == "1" ? FlipperConfiguration.disabled : Flip
 # end
 
 target 'OnfidoSdk' do
-  pod 'Onfido', '~> 29.6.0'
+  pod 'Onfido', '~> 29.7.0'
 
   config = use_native_modules!
   use_react_native!(
```


Cannot apply hunk 1 for file node_modules/@onfido/react-native-sdk/ios/Podfile
```diff
@@ -27,7 +27,7 @@ flipper_config = ENV['NO_FLIPPER'] == "1" ? FlipperConfiguration.disabled : Flip
 # end
 
 target 'OnfidoSdk' do
-  pod 'Onfido', '~> 29.6.0'
+  pod 'Onfido', '~> 29.7.0'
 
   config = use_native_modules!
   use_react_native!(
@@ -41,6 +41,17 @@ target 'OnfidoSdk' do
   target 'OnfidoSdkTests' do
     # inherit! :search_paths
     # Pods for testing
+  end
 
+  # unary_function and binary_function are no longer provided in C++17 and newer standard modes as part of Xcode 15. 
+  # They can be re-enabled with setting _LIBCPP_ENABLE_CXX17_REMOVED_UNARY_BINARY_FUNCTION
+  # Ref: https://developer.apple.com/documentation/xcode-release-notes/xcode-15-release-notes#Deprecations
+  # Solution: https://github.com/facebook/react-native/issues/37748#issuecomment-1580589448
+  post_install do |installer|
+    installer.pods_project.targets.each do |target|
+      target.build_configurations.each do |config|
+        config.build_settings['GCC_PREPROCESSOR_DEFINITIONS'] ||= ['$(inherited)', '_LIBCPP_ENABLE_CXX17_REMOVED_UNARY_BINARY_FUNCTION']
+      end
+    end
   end
 end
```


Cannot apply hunk 0 for file node_modules/@onfido/react-native-sdk/ios/Podfile.lock
```diff
@@ -519,11 +519,11 @@ EXTERNAL SOURCES:
 
 SPEC CHECKSUMS:
   boost: 57d2868c099736d80fcd648bf211b4431e51a558
-  DoubleConversion: cf9b38bf0b2d048436d9a82ad2abe1404f11e7de
+  DoubleConversion: 5189b271737e1565bdce30deb4a08d647e3f5f54
   FBLazyVector: 748c0ef74f2bf4b36cfcccf37916806940a64c32
   FBReactNativeSpec: 966f29e4e697de53a3b366355e8f57375c856ad9
   fmt: ff9d55029c625d3757ed641535fd4a75fedc7ce9
-  glog: 73c2498ac6884b13ede40eda8228cb1eee9d9d62
+  glog: 04b94705f318337d7ead9e6d17c019bd9b1f6b1b
   Onfido: c52e797b10cc9e6d29ba91996cb62e501000bfdd
   RCT-Folly: 424b8c9a7a0b9ab2886ffe9c3b041ef628fd4fb1
   RCTRequired: 28469809442eb4eb5528462705f7d852948c8a74
```


Cannot apply hunk 1 for file node_modules/@onfido/react-native-sdk/ios/Podfile.lock
```diff
@@ -519,11 +519,11 @@ EXTERNAL SOURCES:
 
 SPEC CHECKSUMS:
   boost: 57d2868c099736d80fcd648bf211b4431e51a558
-  DoubleConversion: cf9b38bf0b2d048436d9a82ad2abe1404f11e7de
+  DoubleConversion: 5189b271737e1565bdce30deb4a08d647e3f5f54
   FBLazyVector: 748c0ef74f2bf4b36cfcccf37916806940a64c32
   FBReactNativeSpec: 966f29e4e697de53a3b366355e8f57375c856ad9
   fmt: ff9d55029c625d3757ed641535fd4a75fedc7ce9
-  glog: 73c2498ac6884b13ede40eda8228cb1eee9d9d62
+  glog: 04b94705f318337d7ead9e6d17c019bd9b1f6b1b
   Onfido: c52e797b10cc9e6d29ba91996cb62e501000bfdd
   RCT-Folly: 424b8c9a7a0b9ab2886ffe9c3b041ef628fd4fb1
   RCTRequired: 28469809442eb4eb5528462705f7d852948c8a74
@@ -560,6 +560,6 @@ SPEC CHECKSUMS:
   SocketRocket: f32cd54efbe0f095c4d7594881e52619cfe80b17
   Yoga: b76f1acfda8212aa16b7e26bcce3983230c82603
 
-PODFILE CHECKSUM: ee04850b32b0f021f8e865806f0d8fc273717178
+PODFILE CHECKSUM: b0afaaafeb2272120df31de2529a6e679929c7c5
 
 COCOAPODS: 1.14.3
```


Cannot apply hunk 0 for file node_modules/@onfido/react-native-sdk/js/Onfido.ts
```diff
@@ -1,4 +1,4 @@
-import {NativeModules, Platform, NativeEventEmitter} from 'react-native';
+import {Platform, NativeEventEmitter} from 'react-native';
 import {
     OnfidoAlpha2CountryCode,
     OnfidoCaptureType,
```


Cannot apply hunk 1 for file node_modules/@onfido/react-native-sdk/js/Onfido.ts
```diff
@@ -1,4 +1,4 @@
-import {NativeModules, Platform, NativeEventEmitter} from 'react-native';
+import {Platform, NativeEventEmitter} from 'react-native';
 import {
     OnfidoAlpha2CountryCode,
     OnfidoCaptureType,
@@ -11,11 +11,9 @@ import {
 } from "./config_constants";
 import { Base64 } from 'js-base64';
 
-const {OnfidoSdk} = NativeModules;
-
-const OndifoSdkModule = NativeModules.OnfidoSdk
-const eventEmitter = new NativeEventEmitter(OndifoSdkModule)
+import OnfidoSdk from "./NativeOnfidoModule";
 
+const eventEmitter = new NativeEventEmitter(OnfidoSdk)
 
 const Onfido = {
     start(config: OnfidoConfig): Promise<OnfidoResult> {
```


Cannot apply hunk 2 for file node_modules/@onfido/react-native-sdk/js/Onfido.ts
```diff
@@ -1,4 +1,4 @@
-import {NativeModules, Platform, NativeEventEmitter} from 'react-native';
+import {Platform, NativeEventEmitter} from 'react-native';
 import {
     OnfidoAlpha2CountryCode,
     OnfidoCaptureType,
@@ -11,11 +11,9 @@ import {
 } from "./config_constants";
 import { Base64 } from 'js-base64';
 
-const {OnfidoSdk} = NativeModules;
-
-const OndifoSdkModule = NativeModules.OnfidoSdk
-const eventEmitter = new NativeEventEmitter(OndifoSdkModule)
+import OnfidoSdk from "./NativeOnfidoModule";
 
+const eventEmitter = new NativeEventEmitter(OnfidoSdk)
 
 const Onfido = {
     start(config: OnfidoConfig): Promise<OnfidoResult> {
@@ -93,7 +91,7 @@ const Onfido = {
     return OnfidoSdk.start(config).catch((error: any) => {
       console.log(error);
       throw error;
-    });
+    }) as Promise<OnfidoResult>;
   },
 
   addCustomMediaCallback(callback: (result: OnfidoMediaResult) => OnfidoMediaResult) {
```


Cannot apply hunk 0 for file node_modules/@onfido/react-native-sdk/onfido-react-native-sdk.podspec
```diff
@@ -2,6 +2,8 @@ require "json"
 
 package = JSON.parse(File.read(File.join(__dir__, "package.json")))
 
+fabric_enabled = ENV['RCT_NEW_ARCH_ENABLED'] == '1'
+
 Pod::Spec.new do |s|
   s.name         = "onfido-react-native-sdk"
   s.version      = package["version"]
```


Cannot apply hunk 1 for file node_modules/@onfido/react-native-sdk/onfido-react-native-sdk.podspec
```diff
@@ -2,6 +2,8 @@ require "json"
 
 package = JSON.parse(File.read(File.join(__dir__, "package.json")))
 
+fabric_enabled = ENV['RCT_NEW_ARCH_ENABLED'] == '1'
+
 Pod::Spec.new do |s|
   s.name         = "onfido-react-native-sdk"
   s.version      = package["version"]
@@ -15,10 +17,22 @@ Pod::Spec.new do |s|
   s.platforms    = { :ios => "11.0" }
   s.source       = { :git => "https://github.com/onfido/react-native-sdk.git", :tag => "#{s.version}" }
 
-  s.source_files = "ios/**/*.{h,m,swift}"
+  s.source_files = "ios/**/*.{h,m,swift,mm}"
   s.exclude_files = "ios/OnfidoSdkTests/"
   s.requires_arc = true
 
-  s.dependency "React"
-  s.dependency "Onfido", "~> 29.6.0"
+  s.dependency "Onfido", "~> 29.7.0"
+  
+  if ENV['USE_FRAMEWORKS'] != nil
+    s.pod_target_xcconfig = {
+      "OTHER_CFLAGS" => "$(inherited) -DUSE_FRAMEWORKS",
+      "OTHER_CPLUSPLUSFLAGS" => "$(inherited) -DUSE_FRAMEWORKS",
+    }
+  end
+
+  if defined?(install_modules_dependencies()) != nil
+    install_modules_dependencies(s)
+  else
+    s.dependency "React"
+  end
 end
```


Cannot apply hunk 0 for file node_modules/@onfido/react-native-sdk/package.json
```diff
@@ -24,7 +24,8 @@
     ],
     "testPathIgnorePatterns": [
       "/TestApp",
-      "/SampleApp"
+      "/SampleApp",
+      "/FabricSample"
     ],
     "globals": {
       "__DEV__": true
```


Cannot apply hunk 1 for file node_modules/@onfido/react-native-sdk/package.json
```diff
@@ -24,7 +24,8 @@
     ],
     "testPathIgnorePatterns": [
       "/TestApp",
-      "/SampleApp"
+      "/SampleApp",
+      "/FabricSample"
     ],
     "globals": {
       "__DEV__": true
@@ -82,6 +83,14 @@
     "react-native": "0.72.6",
     "typescript": "^4.6.4"
   },
+  "codegenConfig": {
+    "name": "rnonfidosdk",
+    "type": "modules",
+    "jsSrcsDir": "./js",
+    "android": {
+      "javaPackageName": "com.onfido.reactnative.sdk"
+    }
+  },
   "dependencies": {
     "js-base64": "3.7.5"
   },
```


Cannot apply hunk 0 for file node_modules/@onfido/react-native-sdk/scripts/update-integration-versions.sh
```diff
@@ -2,16 +2,16 @@
 
 PROJ_DIR=.
 MANIFEST_FILE=${PROJ_DIR}/android/src/main/AndroidManifest.xml
-IOS_PLUGIN_FILE=${PROJ_DIR}/ios/PluginMetadata.swift
+IOS_PLUGIN_FILE=${PROJ_DIR}/ios/PluginMetadata.m
 
 update_manifest()
 {
-    sed -i -e "s/android:value=\"[0-9]*\.[0-9]*\.[0-9]*\"/android:value=\"$2\"/g" $1
+    sed -i '' -e "s/android:value=\"[0-9]*\.[0-9]*\.[0-9]*\"/android:value=\"$2\"/g" $1
 }
 
 update_plugin_file()
 {
-    sed -i -e "s/pluginVersion = \"[0-9]*\.[0-9]*\.[0-9]*\"/pluginVersion = \"$2\"/g" $1
+    sed -i '' -e "s/_pluginVersion = @\"[0-9]*\.[0-9]*\.[0-9]*\"/_pluginVersion = @\"$2\"/g" $1
 }
 
 update_manifest ${MANIFEST_FILE} $PACKAGE_VERSION
```
